Date,PG,^GSPC
2010-01-04,61.119999,1132.98999
2010-01-05,61.139999,1136.52002
2010-01-06,60.849998,1137.140015
2010-01-07,60.52,1141.689941
2010-01-08,60.439999,1144.97998
2010-01-11,60.200001,1146.97998
2010-01-12,60.889999,1136.219971
2010-01-13,61.52,1145.680054
2010-01-14,61.580002,1148.459961
2010-01-15,60.82,1136.030029
2010-01-19,61.720001,1150.22998
2010-01-20,60.450001,1138.040039
2010-01-21,59.84,1116.47998
2010-01-22,60.310001,1091.76001
2010-01-25,60.630001,1096.780029
2010-01-26,60.689999,1092.170044
2010-01-27,60.810001,1097.5
2010-01-28,61.68,1084.530029
2010-01-29,61.549999,1073.869995
2010-02-01,61.990002,1089.189941
2010-02-02,62.900002,1103.319946
2010-02-03,62.650002,1097.280029
2010-02-04,61.400002,1063.109985
2010-02-05,61.299999,1066.189941
2010-02-08,61.009998,1056.73999
2010-02-09,61.759998,1070.52002
2010-02-10,61.669998,1068.130005
2010-02-11,61.959999,1078.469971
2010-02-12,61.759998,1075.51001
2010-02-16,62.830002,1094.869995
2010-02-17,62.849998,1099.51001
2010-02-18,63.389999,1106.75
2010-02-19,63.450001,1109.170044
2010-02-22,63.419998,1108.01001
2010-02-23,63.209999,1094.599976
2010-02-24,63.889999,1105.23999
2010-02-25,63.700001,1102.939941
2010-02-26,63.279999,1104.48999
2010-03-01,63.509998,1115.709961
2010-03-02,63.709999,1118.310059
2010-03-03,63.549999,1118.790039
2010-03-04,63.669998,1122.969971
2010-03-05,63.689999,1138.699951
2010-03-08,63.189999,1138.5
2010-03-09,63.299999,1140.449951
2010-03-10,63.009998,1145.609985
2010-03-11,63.169998,1150.23999
2010-03-12,63.32,1149.98999
2010-03-15,63.700001,1150.51001
2010-03-16,63.529999,1159.459961
2010-03-17,64.010002,1166.209961
2010-03-18,63.73,1165.829956
2010-03-19,63.84,1159.900024
2010-03-22,63.880001,1165.810059
2010-03-23,64.529999,1174.170044
2010-03-24,63.610001,1167.719971
2010-03-25,63.619999,1165.72998
2010-03-26,63.689999,1166.589966
2010-03-29,63.73,1173.219971
2010-03-30,63.66,1173.27002
2010-03-31,63.27,1169.430054
2010-04-01,63.360001,1178.099976
2010-04-05,63.759998,1187.439941
2010-04-06,63.110001,1189.439941
2010-04-07,62.5,1182.449951
2010-04-08,62.560001,1186.439941
2010-04-09,62.73,1194.369995
2010-04-12,62.700001,1196.47998
2010-04-13,63.0,1197.300049
2010-04-14,63.189999,1210.650024
2010-04-15,63.0,1211.670044
2010-04-16,62.849998,1192.130005
2010-04-19,63.220001,1197.52002
2010-04-20,63.189999,1207.170044
2010-04-21,63.630001,1205.939941
2010-04-22,63.59,1208.670044
2010-04-23,63.540001,1217.280029
2010-04-26,63.939999,1212.050049
2010-04-27,63.110001,1183.709961
2010-04-28,63.169998,1191.359985
2010-04-29,62.200001,1206.780029
2010-04-30,62.16,1186.689941
2010-05-03,62.68,1202.26001
2010-05-04,61.709999,1173.599976
2010-05-05,62.16,1165.869995
2010-05-06,60.75,1128.150024
2010-05-07,60.310001,1110.880005
2010-05-10,62.419998,1159.72998
2010-05-11,62.369999,1155.790039
2010-05-12,63.02,1171.670044
2010-05-13,62.75,1157.439941
2010-05-14,62.540001,1135.680054
2010-05-17,63.380001,1136.939941
2010-05-18,63.209999,1120.800049
2010-05-19,63.220001,1115.050049
2010-05-20,61.610001,1071.589966
2010-05-21,61.849998,1087.689941
2010-05-24,61.400002,1073.650024
2010-05-25,61.049999,1074.030029
2010-05-26,60.439999,1067.949951
2010-05-27,60.950001,1103.060059
2010-05-28,61.09,1089.410034
2010-06-01,61.16,1070.709961
2010-06-02,61.740002,1098.380005
2010-06-03,61.799999,1102.829956
2010-06-04,60.799999,1064.880005
2010-06-07,60.619999,1050.469971
2010-06-08,62.139999,1062.0
2010-06-09,61.470001,1055.689941
2010-06-10,61.91,1086.839966
2010-06-11,61.009998,1091.599976
2010-06-14,61.25,1089.630005
2010-06-15,61.91,1115.22998
2010-06-16,61.189999,1114.609985
2010-06-17,61.759998,1116.040039
2010-06-18,61.299999,1117.51001
2010-06-21,61.099998,1113.199951
2010-06-22,60.720001,1095.310059
2010-06-23,61.380001,1092.040039
2010-06-24,60.869999,1073.689941
2010-06-25,59.790001,1076.76001
2010-06-28,60.619999,1074.569946
2010-06-29,60.32,1041.23999
2010-06-30,59.98,1030.709961
2010-07-01,59.540001,1027.369995
2010-07-02,59.380001,1022.580017
2010-07-06,59.34,1028.060059
2010-07-07,60.82,1060.27002
2010-07-08,61.950001,1070.25
2010-07-09,61.75,1077.959961
2010-07-12,62.09,1078.75
2010-07-13,62.389999,1095.339966
2010-07-14,62.66,1095.170044
2010-07-15,62.73,1096.47998
2010-07-16,61.990002,1064.880005
2010-07-19,61.860001,1071.25
2010-07-20,62.07,1083.47998
2010-07-21,61.110001,1069.589966
2010-07-22,61.369999,1093.670044
2010-07-23,61.91,1102.660034
2010-07-26,62.52,1115.01001
2010-07-27,63.080002,1113.839966
2010-07-28,62.700001,1106.130005
2010-07-29,61.669998,1101.530029
2010-07-30,61.16,1101.599976
2010-08-02,62.060001,1125.859985
2010-08-03,59.939999,1120.459961
2010-08-04,59.549999,1127.23999
2010-08-05,59.860001,1125.810059
2010-08-06,60.02,1121.640015
2010-08-09,60.380001,1127.790039
2010-08-10,60.779999,1121.060059
2010-08-11,60.27,1089.469971
2010-08-12,59.990002,1083.609985
2010-08-13,59.82,1079.25
2010-08-16,59.77,1079.380005
2010-08-17,60.290001,1092.540039
2010-08-18,60.75,1094.160034
2010-08-19,60.189999,1075.630005
2010-08-20,59.98,1071.689941
2010-08-23,60.029999,1067.359985
2010-08-24,59.66,1051.869995
2010-08-25,59.669998,1055.329956
2010-08-26,59.540001,1047.219971
2010-08-27,59.799999,1064.589966
2010-08-30,59.369999,1048.920044
2010-08-31,59.669998,1049.329956
2010-09-01,59.799999,1080.290039
2010-09-02,60.07,1090.099976
2010-09-03,60.290001,1104.51001
2010-09-07,60.139999,1091.839966
2010-09-08,60.369999,1098.869995
2010-09-09,60.290001,1104.180054
2010-09-10,60.400002,1109.550049
2010-09-13,60.48,1121.900024
2010-09-14,60.639999,1121.099976
2010-09-15,61.110001,1125.069946
2010-09-16,61.110001,1124.660034
2010-09-17,60.970001,1125.589966
2010-09-20,61.43,1142.709961
2010-09-21,61.52,1139.780029
2010-09-22,61.790001,1134.280029
2010-09-23,61.220001,1124.829956
2010-09-24,61.639999,1148.670044
2010-09-27,61.040001,1142.160034
2010-09-28,60.619999,1147.699951
2010-09-29,60.25,1144.72998
2010-09-30,59.970001,1141.199951
2010-10-01,60.16,1146.23999
2010-10-04,59.959999,1137.030029
2010-10-05,60.82,1160.75
2010-10-06,60.869999,1159.969971
2010-10-07,60.799999,1158.060059
2010-10-08,61.860001,1165.150024
2010-10-11,62.139999,1165.319946
2010-10-12,62.02,1169.77002
2010-10-13,62.630001,1178.099976
2010-10-14,62.799999,1173.810059
2010-10-15,62.759998,1176.189941
2010-10-18,63.349998,1184.709961
2010-10-19,63.18,1165.900024
2010-10-20,63.369999,1178.170044
2010-10-21,63.509998,1180.26001
2010-10-22,63.400002,1183.079956
2010-10-25,63.540001,1185.619995
2010-10-26,62.860001,1185.640015
2010-10-27,63.080002,1182.449951
2010-10-28,63.189999,1183.780029
2010-10-29,63.57,1183.26001
2010-11-01,63.619999,1184.380005
2010-11-02,64.019997,1193.569946
2010-11-03,64.309998,1197.959961
2010-11-04,65.0,1221.060059
2010-11-05,65.0,1225.849976
2010-11-08,64.75,1223.25
2010-11-09,64.809998,1213.400024
2010-11-10,64.57,1218.709961
2010-11-11,64.360001,1213.540039
2010-11-12,64.330002,1199.209961
2010-11-15,64.290001,1197.75
2010-11-16,63.450001,1178.339966
2010-11-17,63.27,1178.589966
2010-11-18,64.019997,1196.689941
2010-11-19,64.050003,1199.72998
2010-11-22,63.560001,1197.839966
2010-11-23,62.610001,1180.72998
2010-11-24,62.599998,1198.349976
2010-11-26,62.130001,1189.400024
2010-11-29,62.130001,1187.76001
2010-11-30,61.07,1180.550049
2010-12-01,62.150002,1206.069946
2010-12-02,62.360001,1221.530029
2010-12-03,62.330002,1224.709961
2010-12-06,62.060001,1223.119995
2010-12-07,62.150002,1223.75
2010-12-08,62.630001,1228.280029
2010-12-09,62.869999,1233.0
2010-12-10,63.200001,1240.400024
2010-12-13,63.189999,1240.459961
2010-12-14,63.549999,1241.589966
2010-12-15,63.639999,1235.22998
2010-12-16,64.5,1242.869995
2010-12-17,64.809998,1243.910034
2010-12-20,64.970001,1247.079956
2010-12-21,64.870003,1254.599976
2010-12-22,64.949997,1258.839966
2010-12-23,65.239998,1256.77002
2010-12-27,64.669998,1257.540039
2010-12-28,64.760002,1258.51001
2010-12-29,64.400002,1259.780029
2010-12-30,64.279999,1257.880005
2010-12-31,64.330002,1257.640015
2011-01-03,64.769997,1271.869995
2011-01-04,64.949997,1270.199951
2011-01-05,64.800003,1276.560059
2011-01-06,64.690002,1273.849976
2011-01-07,64.5,1271.5
2011-01-10,64.360001,1269.75
2011-01-11,64.040001,1274.47998
2011-01-12,64.970001,1285.959961
2011-01-13,65.480003,1283.76001
2011-01-14,65.529999,1293.23999
2011-01-18,65.5,1295.02002
2011-01-19,65.349998,1281.920044
2011-01-20,65.800003,1280.26001
2011-01-21,65.910004,1283.349976
2011-01-24,66.580002,1290.839966
2011-01-25,66.699997,1291.180054
2011-01-26,66.110001,1296.630005
2011-01-27,64.18,1299.540039
2011-01-28,64.199997,1276.339966
2011-01-31,63.130001,1286.119995
2011-02-01,62.919998,1307.589966
2011-02-02,62.790001,1304.030029
2011-02-03,62.900002,1307.099976
2011-02-04,63.610001,1310.869995
2011-02-07,64.550003,1319.050049
2011-02-08,64.639999,1324.569946
2011-02-09,64.389999,1320.880005
2011-02-10,64.580002,1321.869995
2011-02-11,64.730003,1329.150024
2011-02-14,64.540001,1332.319946
2011-02-15,63.919998,1328.01001
2011-02-16,63.759998,1336.319946
2011-02-17,64.0,1340.430054
2011-02-18,64.300003,1343.01001
2011-02-22,64.07,1315.439941
2011-02-23,64.150002,1307.400024
2011-02-24,63.049999,1306.099976
2011-02-25,62.84,1319.880005
2011-02-28,63.049999,1327.219971
2011-03-01,62.740002,1306.329956
2011-03-02,62.41,1308.439941
2011-03-03,62.549999,1330.969971
2011-03-04,62.029999,1321.150024
2011-03-07,61.709999,1310.130005
2011-03-08,62.049999,1321.819946
2011-03-09,62.0,1320.02002
2011-03-10,61.490002,1295.109985
2011-03-11,61.490002,1304.280029
2011-03-14,61.349998,1296.390015
2011-03-15,60.66,1281.869995
2011-03-16,59.73,1256.880005
2011-03-17,60.43,1273.719971
2011-03-18,60.599998,1279.209961
2011-03-21,61.299999,1298.380005
2011-03-22,60.93,1293.77002
2011-03-23,60.91,1297.540039
2011-03-24,61.139999,1309.660034
2011-03-25,60.880001,1313.800049
2011-03-28,60.66,1310.189941
2011-03-29,61.279999,1319.439941
2011-03-30,61.970001,1328.26001
2011-03-31,61.599998,1325.829956
2011-04-01,62.080002,1332.410034
2011-04-04,62.259998,1332.869995
2011-04-05,61.669998,1332.630005
2011-04-06,61.759998,1335.540039
2011-04-07,62.130001,1333.51001
2011-04-08,61.900002,1328.170044
2011-04-11,62.189999,1324.459961
2011-04-12,62.889999,1314.160034
2011-04-13,62.990002,1314.410034
2011-04-14,63.299999,1314.52002
2011-04-15,64.18,1319.680054
2011-04-18,64.0,1305.140015
2011-04-19,63.860001,1312.619995
2011-04-20,63.720001,1330.359985
2011-04-21,63.27,1337.380005
2011-04-25,63.369999,1335.25
2011-04-26,63.830002,1347.23999
2011-04-27,64.019997,1355.660034
2011-04-28,64.5,1360.47998
2011-04-29,64.900002,1363.609985
2011-05-02,65.18,1361.219971
2011-05-03,65.709999,1356.619995
2011-05-04,66.470001,1347.319946
2011-05-05,65.879997,1335.099976
2011-05-06,65.269997,1340.199951
2011-05-09,65.139999,1346.290039
2011-05-10,65.730003,1357.160034
2011-05-11,65.919998,1342.079956
2011-05-12,66.839996,1348.650024
2011-05-13,66.860001,1337.77002
2011-05-16,66.940002,1329.469971
2011-05-17,67.419998,1328.97998
2011-05-18,67.379997,1340.680054
2011-05-19,67.459999,1343.599976
2011-05-20,67.360001,1333.27002
2011-05-23,67.050003,1317.369995
2011-05-24,67.010002,1316.280029
2011-05-25,66.379997,1320.469971
2011-05-26,66.190002,1325.689941
2011-05-27,66.199997,1331.099976
2011-05-31,67.0,1345.199951
2011-06-01,66.400002,1314.550049
2011-06-02,66.010002,1312.939941
2011-06-03,65.43,1300.160034
2011-06-06,65.5,1286.170044
2011-06-07,65.059998,1284.939941
2011-06-08,64.849998,1279.560059
2011-06-09,65.010002,1289.0
2011-06-10,64.699997,1270.97998
2011-06-13,64.769997,1271.829956
2011-06-14,64.760002,1287.869995
2011-06-15,63.759998,1265.420044
2011-06-16,64.260002,1267.640015
2011-06-17,64.690002,1271.5
2011-06-20,65.089996,1278.359985
2011-06-21,64.220001,1295.52002
2011-06-22,64.059998,1287.140015
2011-06-23,63.459999,1283.5
2011-06-24,62.59,1268.449951
2011-06-27,62.82,1280.099976
2011-06-28,62.720001,1296.670044
2011-06-29,62.549999,1307.410034
2011-06-30,63.57,1320.640015
2011-07-01,64.269997,1339.670044
2011-07-05,64.260002,1337.880005
2011-07-06,64.699997,1339.219971
2011-07-07,64.949997,1353.219971
2011-07-08,64.93,1343.800049
2011-07-11,64.720001,1319.48999
2011-07-12,64.529999,1313.640015
2011-07-13,64.639999,1317.719971
2011-07-14,64.599998,1308.869995
2011-07-15,64.830002,1316.140015
2011-07-18,64.550003,1305.439941
2011-07-19,64.610001,1326.72998
2011-07-20,64.199997,1325.839966
2011-07-21,64.489998,1343.800049
2011-07-22,64.25,1345.02002
2011-07-25,63.310001,1337.430054
2011-07-26,63.09,1331.939941
2011-07-27,62.200001,1304.890015
2011-07-28,61.919998,1300.670044
2011-07-29,61.490002,1292.280029
2011-08-01,61.43,1286.939941
2011-08-02,60.869999,1254.050049
2011-08-03,60.73,1260.339966
2011-08-04,59.580002,1200.069946
2011-08-05,60.59,1199.380005
2011-08-08,59.290001,1119.459961
2011-08-09,60.220001,1172.530029
2011-08-10,58.509998,1120.76001
2011-08-11,60.450001,1172.640015
2011-08-12,61.139999,1178.810059
2011-08-15,61.880001,1204.48999
2011-08-16,61.619999,1192.76001
2011-08-17,61.669998,1193.890015
2011-08-18,60.860001,1140.650024
2011-08-19,60.959999,1123.530029
2011-08-22,61.709999,1123.819946
2011-08-23,63.02,1162.349976
2011-08-24,63.310001,1177.599976
2011-08-25,62.529999,1159.27002
2011-08-26,62.57,1176.800049
2011-08-29,63.09,1210.079956
2011-08-30,63.5,1212.920044
2011-08-31,63.68,1218.890015
2011-09-01,63.259998,1204.420044
2011-09-02,62.549999,1173.969971
2011-09-06,62.380001,1165.23999
2011-09-07,62.720001,1198.619995
2011-09-08,62.91,1185.900024
2011-09-09,61.84,1154.22998
2011-09-12,61.830002,1162.27002
2011-09-13,61.939999,1172.869995
2011-09-14,62.34,1188.680054
2011-09-15,62.779999,1209.109985
2011-09-16,64.330002,1216.01001
2011-09-19,63.810001,1204.089966
2011-09-20,64.080002,1202.089966
2011-09-21,63.02,1166.76001
2011-09-22,61.169998,1129.560059
2011-09-23,61.25,1136.430054
2011-09-26,62.540001,1162.949951
2011-09-27,63.259998,1175.380005
2011-09-28,62.73,1151.060059
2011-09-29,63.700001,1160.400024
2011-09-30,63.18,1131.420044
2011-10-03,62.84,1099.22998
2011-10-04,63.369999,1123.949951
2011-10-05,63.34,1144.030029
2011-10-06,63.610001,1164.969971
2011-10-07,63.91,1155.459961
2011-10-10,64.800003,1194.890015
2011-10-11,64.57,1195.540039
2011-10-12,64.889999,1207.25
2011-10-13,64.650002,1203.660034
2011-10-14,64.889999,1224.579956
2011-10-17,64.260002,1200.859985
2011-10-18,64.919998,1225.380005
2011-10-19,64.75,1209.880005
2011-10-20,65.089996,1215.390015
2011-10-21,66.260002,1238.25
2011-10-24,65.370003,1254.189941
2011-10-25,64.510002,1229.050049
2011-10-26,64.949997,1242.0
2011-10-27,65.260002,1284.589966
2011-10-28,64.730003,1285.089966
2011-10-31,63.990002,1253.300049
2011-11-01,62.709999,1218.280029
2011-11-02,62.860001,1237.900024
2011-11-03,63.209999,1261.150024
2011-11-04,63.029999,1253.22998
2011-11-07,63.459999,1261.119995
2011-11-08,64.209999,1275.920044
2011-11-09,62.720001,1229.099976
2011-11-10,63.240002,1239.699951
2011-11-11,63.889999,1263.849976
2011-11-14,63.049999,1251.780029
2011-11-15,63.560001,1257.810059
2011-11-16,63.279999,1236.910034
2011-11-17,62.939999,1216.130005
2011-11-18,63.240002,1215.650024
2011-11-21,61.66,1192.97998
2011-11-22,61.689999,1188.040039
2011-11-23,61.060001,1161.790039
2011-11-25,61.0,1158.670044
2011-11-28,62.240002,1192.550049
2011-11-29,62.529999,1195.189941
2011-11-30,64.57,1246.959961
2011-12-01,64.080002,1244.579956
2011-12-02,64.660004,1244.280029
2011-12-05,64.839996,1257.079956
2011-12-06,64.839996,1258.469971
2011-12-07,65.230003,1261.01001
2011-12-08,64.470001,1234.349976
2011-12-09,64.970001,1255.189941
2011-12-12,64.309998,1236.469971
2011-12-13,64.730003,1225.72998
2011-12-14,64.449997,1211.819946
2011-12-15,64.989998,1215.75
2011-12-16,65.139999,1219.660034
2011-12-19,64.949997,1205.349976
2011-12-20,65.790001,1241.300049
2011-12-21,66.0,1243.719971
2011-12-22,66.190002,1254.0
2011-12-23,66.669998,1265.329956
2011-12-27,66.790001,1265.430054
2011-12-28,66.540001,1249.640015
2011-12-29,66.970001,1263.02002
2011-12-30,66.709999,1257.599976
2012-01-03,66.830002,1277.060059
2012-01-04,66.800003,1277.300049
2012-01-05,66.519997,1281.060059
2012-01-06,66.360001,1277.810059
2012-01-09,66.639999,1280.699951
2012-01-10,66.330002,1292.079956
2012-01-11,65.68,1292.47998
2012-01-12,65.809998,1295.5
2012-01-13,65.809998,1289.089966
2012-01-17,66.260002,1293.670044
2012-01-18,66.029999,1308.040039
2012-01-19,66.080002,1314.5
2012-01-20,66.230003,1315.380005
2012-01-23,65.0,1316.0
2012-01-24,64.5,1314.650024
2012-01-25,64.980003,1326.060059
2012-01-26,64.800003,1318.430054
2012-01-27,64.300003,1316.329956
2012-01-30,63.209999,1313.01001
2012-01-31,63.040001,1312.410034
2012-02-01,63.209999,1324.089966
2012-02-02,63.32,1325.540039
2012-02-03,62.77,1344.900024
2012-02-06,63.509998,1344.329956
2012-02-07,63.700001,1347.050049
2012-02-08,63.639999,1349.959961
2012-02-09,64.040001,1351.949951
2012-02-10,63.880001,1342.640015
2012-02-13,64.230003,1351.77002
2012-02-14,64.480003,1350.5
2012-02-15,64.550003,1343.22998
2012-02-16,65.199997,1358.040039
2012-02-17,64.910004,1361.22998
2012-02-21,64.419998,1362.209961
2012-02-22,64.440002,1357.660034
2012-02-23,66.419998,1363.459961
2012-02-24,66.709999,1365.73999
2012-02-27,66.699997,1367.589966
2012-02-28,67.389999,1372.180054
2012-02-29,67.620003,1365.680054
2012-03-01,66.660004,1374.089966
2012-03-02,66.669998,1369.630005
2012-03-05,66.949997,1364.329956
2012-03-06,66.839996,1343.359985
2012-03-07,66.580002,1352.630005
2012-03-08,66.900002,1365.910034
2012-03-09,66.93,1370.869995
2012-03-12,67.709999,1371.089966
2012-03-13,67.900002,1395.949951
2012-03-14,67.849998,1394.280029
2012-03-15,67.68,1402.599976
2012-03-16,67.25,1404.170044
2012-03-19,67.209999,1409.75
2012-03-20,67.209999,1405.52002
2012-03-21,67.199997,1402.890015
2012-03-22,67.519997,1392.780029
2012-03-23,67.43,1397.109985
2012-03-26,67.459999,1416.51001
2012-03-27,67.150002,1412.52002
2012-03-28,67.190002,1405.540039
2012-03-29,67.010002,1403.280029
2012-03-30,67.209999,1408.469971
2012-04-02,67.559998,1419.040039
2012-04-03,67.089996,1413.380005
2012-04-04,67.260002,1398.959961
2012-04-05,67.309998,1398.079956
2012-04-09,66.809998,1382.199951
2012-04-10,66.349998,1358.589966
2012-04-11,66.440002,1368.709961
2012-04-12,66.089996,1387.569946
2012-04-13,65.809998,1370.26001
2012-04-16,66.779999,1369.569946
2012-04-17,67.019997,1390.780029
2012-04-18,66.75,1385.140015
2012-04-19,66.57,1376.920044
2012-04-20,67.510002,1378.530029
2012-04-23,66.650002,1366.939941
2012-04-24,67.0,1371.969971
2012-04-25,66.889999,1390.689941
2012-04-26,66.870003,1399.97998
2012-04-27,64.440002,1403.359985
2012-04-30,63.639999,1397.910034
2012-05-01,63.57,1405.819946
2012-05-02,63.98,1402.310059
2012-05-03,64.510002,1391.569946
2012-05-04,64.279999,1369.099976
2012-05-07,64.25,1369.579956
2012-05-08,64.160004,1363.719971
2012-05-09,63.669998,1354.579956
2012-05-10,64.139999,1357.98999
2012-05-11,63.68,1353.390015
2012-05-14,63.580002,1338.349976
2012-05-15,63.720001,1330.660034
2012-05-16,64.290001,1324.800049
2012-05-17,63.959999,1304.859985
2012-05-18,63.52,1295.219971
2012-05-21,63.389999,1315.98999
2012-05-22,63.150002,1316.630005
2012-05-23,62.389999,1318.859985
2012-05-24,62.57,1320.680054
2012-05-25,62.490002,1317.819946
2012-05-29,62.950001,1332.420044
2012-05-30,62.32,1313.319946
2012-05-31,62.290001,1310.329956
2012-06-01,61.549999,1278.040039
2012-06-04,61.400002,1278.180054
2012-06-05,61.169998,1285.5
2012-06-06,61.799999,1315.130005
2012-06-07,62.759998,1314.98999
2012-06-08,62.75,1325.660034
2012-06-11,62.540001,1308.930054
2012-06-12,62.759998,1324.180054
2012-06-13,62.57,1314.880005
2012-06-14,63.18,1329.099976
2012-06-15,62.880001,1342.839966
2012-06-18,62.290001,1344.780029
2012-06-19,62.209999,1357.97998
2012-06-20,60.389999,1355.689941
2012-06-21,59.75,1325.51001
2012-06-22,59.830002,1335.02002
2012-06-25,59.310001,1313.719971
2012-06-26,59.27,1319.98999
2012-06-27,59.98,1331.849976
2012-06-28,60.290001,1329.040039
2012-06-29,61.25,1362.160034
2012-07-02,61.189999,1365.51001
2012-07-03,61.360001,1374.02002
2012-07-05,61.349998,1367.579956
2012-07-06,61.279999,1354.680054
2012-07-09,61.549999,1352.459961
2012-07-10,61.73,1341.469971
2012-07-11,61.400002,1341.449951
2012-07-12,63.700001,1334.76001
2012-07-13,65.089996,1356.780029
2012-07-16,64.809998,1353.640015
2012-07-17,65.349998,1363.670044
2012-07-18,64.82,1372.780029
2012-07-19,64.919998,1376.51001
2012-07-20,64.730003,1362.660034
2012-07-23,64.389999,1350.52002
2012-07-24,64.019997,1338.310059
2012-07-25,64.019997,1337.890015
2012-07-26,64.559998,1360.02002
2012-07-27,65.089996,1385.969971
2012-07-30,65.099998,1385.300049
2012-07-31,64.540001,1379.319946
2012-08-01,64.010002,1375.319946
2012-08-02,63.509998,1365.0
2012-08-03,65.5,1390.98999
2012-08-06,65.809998,1394.22998
2012-08-07,66.220001,1401.349976
2012-08-08,66.720001,1402.219971
2012-08-09,66.730003,1402.800049
2012-08-10,66.769997,1405.869995
2012-08-13,66.480003,1404.109985
2012-08-14,66.730003,1403.930054
2012-08-15,66.639999,1405.530029
2012-08-16,67.0,1415.51001
2012-08-17,67.0,1418.160034
2012-08-20,66.75,1418.130005
2012-08-21,66.769997,1413.170044
2012-08-22,66.849998,1413.48999
2012-08-23,66.68,1402.079956
2012-08-24,67.019997,1411.130005
2012-08-27,67.110001,1410.439941
2012-08-28,66.989998,1409.300049
2012-08-29,66.870003,1410.48999
2012-08-30,66.879997,1399.47998
2012-08-31,67.190002,1406.579956
2012-09-04,67.400002,1404.939941
2012-09-05,67.290001,1403.439941
2012-09-06,68.239998,1432.119995
2012-09-07,68.519997,1437.920044
2012-09-10,68.510002,1429.079956
2012-09-11,68.260002,1433.560059
2012-09-12,68.099998,1436.560059
2012-09-13,68.910004,1459.98999
2012-09-14,69.160004,1465.77002
2012-09-17,69.25,1461.189941
2012-09-18,69.220001,1459.319946
2012-09-19,69.260002,1461.050049
2012-09-20,69.559998,1460.26001
2012-09-21,69.419998,1460.150024
2012-09-24,69.760002,1456.890015
2012-09-25,69.589996,1441.589966
2012-09-26,69.300003,1433.319946
2012-09-27,69.300003,1447.150024
2012-09-28,69.360001,1440.670044
2012-10-01,69.449997,1444.48999
2012-10-02,68.790001,1445.75
2012-10-03,69.169998,1450.98999
2012-10-04,69.379997,1461.400024
2012-10-05,69.629997,1460.930054
2012-10-08,69.099998,1455.880005
2012-10-09,68.699997,1441.47998
2012-10-10,68.139999,1432.560059
2012-10-11,68.0,1432.839966
2012-10-12,67.940002,1428.589966
2012-10-15,68.709999,1440.130005
2012-10-16,69.0,1454.920044
2012-10-17,69.470001,1460.910034
2012-10-18,69.470001,1457.339966
2012-10-19,68.57,1433.189941
2012-10-22,68.5,1433.819946
2012-10-23,67.440002,1413.109985
2012-10-24,68.080002,1408.75
2012-10-25,70.07,1412.969971
2012-10-26,69.440002,1411.939941
2012-10-31,69.239998,1412.160034
2012-11-01,69.25,1427.589966
2012-11-02,69.190002,1414.199951
2012-11-05,68.669998,1417.26001
2012-11-06,68.93,1428.390015
2012-11-07,68.059998,1394.530029
2012-11-08,66.910004,1377.51001
2012-11-09,67.010002,1379.849976
2012-11-12,67.080002,1380.030029
2012-11-13,66.849998,1374.530029
2012-11-14,66.529999,1355.48999
2012-11-15,66.32,1353.329956
2012-11-16,66.82,1359.880005
2012-11-19,67.919998,1386.890015
2012-11-20,68.300003,1387.810059
2012-11-21,68.470001,1391.030029
2012-11-23,69.589996,1409.150024
2012-11-26,69.480003,1406.290039
2012-11-27,68.989998,1398.939941
2012-11-28,69.440002,1409.930054
2012-11-29,69.5,1415.949951
2012-11-30,69.830002,1416.180054
2012-12-03,69.580002,1409.459961
2012-12-04,69.309998,1407.050049
2012-12-05,69.410004,1409.280029
2012-12-06,69.949997,1413.939941
2012-12-07,70.290001,1418.069946
2012-12-10,70.220001,1418.550049
2012-12-11,70.660004,1427.839966
2012-12-12,70.760002,1428.47998
2012-12-13,70.129997,1419.449951
2012-12-14,69.93,1413.579956
2012-12-17,69.93,1430.359985
2012-12-18,69.970001,1446.790039
2012-12-19,69.339996,1435.810059
2012-12-20,69.82,1443.689941
2012-12-21,68.720001,1430.150024
2012-12-24,68.519997,1426.660034
2012-12-26,68.0,1419.829956
2012-12-27,67.970001,1418.099976
2012-12-28,67.150002,1402.430054
2012-12-31,67.889999,1426.189941
2013-01-02,69.389999,1462.420044
2013-01-03,68.949997,1459.369995
2013-01-04,69.089996,1466.469971
2013-01-07,68.620003,1461.890015
2013-01-08,68.510002,1457.150024
2013-01-09,68.879997,1461.02002
2013-01-10,69.269997,1472.119995
2013-01-11,69.220001,1472.050049
2013-01-14,69.629997,1470.680054
2013-01-15,69.879997,1472.339966
2013-01-16,69.339996,1472.630005
2013-01-17,69.669998,1480.939941
2013-01-18,69.940002,1485.97998
2013-01-22,69.949997,1492.560059
2013-01-23,70.690002,1494.810059
2013-01-24,70.419998,1494.819946
2013-01-25,73.25,1502.959961
2013-01-28,73.769997,1500.180054
2013-01-29,75.0,1507.839966
2013-01-30,75.080002,1501.959961
2013-01-31,75.160004,1498.109985
2013-02-01,75.919998,1513.170044
2013-02-04,75.25,1495.709961
2013-02-05,75.699997,1511.290039
2013-02-06,76.150002,1512.119995
2013-02-07,76.150002,1509.390015
2013-02-08,75.75,1517.930054
2013-02-11,75.809998,1517.01001
2013-02-12,75.980003,1519.430054
2013-02-13,76.559998,1520.329956
2013-02-14,76.779999,1521.380005
2013-02-15,76.540001,1519.790039
2013-02-19,77.379997,1530.939941
2013-02-20,77.080002,1511.949951
2013-02-21,77.040001,1502.420044
2013-02-22,76.989998,1515.599976
2013-02-25,75.919998,1487.849976
2013-02-26,76.080002,1496.939941
2013-02-27,76.75,1515.98999
2013-02-28,76.18,1514.680054
2013-03-01,76.489998,1518.199951
2013-03-04,76.68,1525.199951
2013-03-05,77.050003,1539.790039
2013-03-06,77.199997,1541.459961
2013-03-07,76.900002,1544.26001
2013-03-08,77.18,1551.180054
2013-03-11,77.349998,1556.219971
2013-03-12,77.169998,1552.47998
2013-03-13,76.800003,1554.52002
2013-03-14,77.389999,1563.22998
2013-03-15,76.339996,1560.699951
2013-03-18,76.160004,1552.099976
2013-03-19,77.110001,1548.339966
2013-03-20,77.580002,1558.709961
2013-03-21,77.209999,1545.800049
2013-03-22,77.269997,1556.890015
2013-03-25,76.68,1551.689941
2013-03-26,77.400002,1563.77002
2013-03-27,77.059998,1562.849976
2013-03-28,77.059998,1569.189941
2013-04-01,77.699997,1562.170044
2013-04-02,78.959999,1570.25
2013-04-03,78.120003,1553.689941
2013-04-04,78.540001,1559.97998
2013-04-05,78.230003,1553.280029
2013-04-08,78.790001,1563.069946
2013-04-09,78.260002,1568.609985
2013-04-10,79.239998,1587.72998
2013-04-11,79.669998,1593.369995
2013-04-12,80.080002,1588.849976
2013-04-15,79.650002,1552.359985
2013-04-16,80.099998,1574.569946
2013-04-17,79.059998,1552.01001
2013-04-18,79.870003,1541.609985
2013-04-19,81.43,1555.25
2013-04-22,81.400002,1562.5
2013-04-23,82.540001,1578.780029
2013-04-24,77.120003,1578.790039
2013-04-25,76.580002,1585.160034
2013-04-26,77.099998,1582.23999
2013-04-29,77.68,1593.609985
2013-04-30,76.769997,1597.569946
2013-05-01,76.989998,1582.699951
2013-05-02,77.760002,1597.589966
2013-05-03,78.190002,1614.420044
2013-05-06,77.75,1617.5
2013-05-07,77.940002,1625.959961
2013-05-08,78.440002,1632.689941
2013-05-09,78.209999,1626.670044
2013-05-10,78.760002,1633.699951
2013-05-13,78.589996,1633.77002
2013-05-14,79.470001,1650.339966
2013-05-15,80.68,1658.780029
2013-05-16,80.199997,1650.469971
2013-05-17,80.019997,1667.469971
2013-05-20,79.089996,1666.290039
2013-05-21,78.800003,1669.160034
2013-05-22,78.82,1655.349976
2013-05-23,78.699997,1650.51001
2013-05-24,81.879997,1649.599976
2013-05-28,80.860001,1660.060059
2013-05-29,78.900002,1648.359985
2013-05-30,79.089996,1654.410034
2013-05-31,76.760002,1630.73999
2013-06-03,77.660004,1640.420044
2013-06-04,77.370003,1631.380005
2013-06-05,76.660004,1608.900024
2013-06-06,76.82,1622.560059
2013-06-07,77.75,1643.380005
2013-06-10,78.07,1642.810059
2013-06-11,78.120003,1626.130005
2013-06-12,77.599998,1612.52002
2013-06-13,78.43,1636.359985
2013-06-14,78.029999,1626.72998
2013-06-17,78.959999,1639.040039
2013-06-18,79.040001,1651.810059
2013-06-19,77.610001,1628.930054
2013-06-20,75.25,1588.189941
2013-06-21,77.43,1592.430054
2013-06-24,76.580002,1573.089966
2013-06-25,76.690002,1588.030029
2013-06-26,77.400002,1603.26001
2013-06-27,77.669998,1613.199951
2013-06-28,76.989998,1606.280029
2013-07-01,78.019997,1614.959961
2013-07-02,78.440002,1614.079956
2013-07-03,78.57,1615.410034
2013-07-05,78.339996,1631.890015
2013-07-08,78.760002,1640.459961
2013-07-09,79.57,1652.319946
2013-07-10,79.800003,1652.619995
2013-07-11,80.769997,1675.02002
2013-07-12,81.550003,1680.189941
2013-07-15,81.510002,1682.5
2013-07-16,80.970001,1676.26001
2013-07-17,80.089996,1680.910034
2013-07-18,80.300003,1689.369995
2013-07-19,81.370003,1692.089966
2013-07-22,81.220001,1695.530029
2013-07-23,80.949997,1692.390015
2013-07-24,80.269997,1685.939941
2013-07-25,80.410004,1690.25
2013-07-26,80.389999,1691.650024
2013-07-29,80.089996,1685.329956
2013-07-30,80.440002,1685.959961
2013-07-31,80.300003,1685.72998
2013-08-01,81.639999,1706.869995
2013-08-02,81.290001,1709.670044
2013-08-05,81.400002,1707.140015
2013-08-06,81.739998,1697.369995
2013-08-07,81.959999,1690.910034
2013-08-08,82.169998,1697.47998
2013-08-09,81.639999,1691.420044
2013-08-12,81.620003,1689.469971
2013-08-13,81.660004,1694.160034
2013-08-14,81.25,1685.390015
2013-08-15,80.480003,1661.319946
2013-08-16,79.900002,1655.829956
2013-08-19,79.589996,1646.060059
2013-08-20,79.529999,1652.349976
2013-08-21,79.379997,1642.800049
2013-08-22,79.769997,1656.959961
2013-08-23,80.010002,1663.5
2013-08-26,78.540001,1656.780029
2013-08-27,77.970001,1630.47998
2013-08-28,76.849998,1634.959961
2013-08-29,77.309998,1638.170044
2013-08-30,77.889999,1632.969971
2013-09-03,77.75,1639.77002
2013-09-04,77.489998,1653.079956
2013-09-05,77.139999,1655.079956
2013-09-06,77.150002,1655.170044
2013-09-09,78.160004,1671.709961
2013-09-10,77.949997,1683.98999
2013-09-11,78.269997,1689.130005
2013-09-12,78.260002,1683.420044
2013-09-13,79.050003,1687.98999
2013-09-16,80.160004,1697.599976
2013-09-17,79.830002,1704.76001
2013-09-18,80.300003,1725.52002
2013-09-19,80.120003,1722.339966
2013-09-20,79.389999,1709.910034
2013-09-23,79.279999,1701.839966
2013-09-24,78.620003,1697.420044
2013-09-25,77.720001,1692.77002
2013-09-26,78.050003,1698.670044
2013-09-27,77.209999,1691.75
2013-09-30,75.589996,1681.550049
2013-10-01,76.160004,1695.0
2013-10-02,75.93,1693.869995
2013-10-03,75.839996,1678.660034
2013-10-04,76.019997,1690.5
2013-10-07,75.650002,1676.119995
2013-10-08,76.330002,1655.449951
2013-10-09,76.949997,1656.400024
2013-10-10,77.889999,1692.560059
2013-10-11,78.480003,1703.199951
2013-10-14,78.739998,1710.140015
2013-10-15,77.599998,1698.060059
2013-10-16,78.339996,1721.540039
2013-10-17,79.419998,1733.150024
2013-10-18,79.410004,1744.5
2013-10-21,78.970001,1744.660034
2013-10-22,80.379997,1754.670044
2013-10-23,80.910004,1746.380005
2013-10-24,80.610001,1752.069946
2013-10-25,80.0,1759.77002
2013-10-28,81.300003,1762.109985
2013-10-29,82.459999,1771.949951
2013-10-30,81.519997,1763.310059
2013-10-31,80.75,1756.540039
2013-11-01,81.150002,1761.640015
2013-11-04,81.330002,1767.930054
2013-11-05,81.43,1762.969971
2013-11-06,82.809998,1770.48999
2013-11-07,82.32,1747.150024
2013-11-08,82.510002,1770.609985
2013-11-11,82.260002,1771.890015
2013-11-12,82.800003,1767.689941
2013-11-13,83.5,1782.0
2013-11-14,84.32,1790.619995
2013-11-15,84.839996,1798.180054
2013-11-18,84.57,1791.530029
2013-11-19,84.339996,1787.869995
2013-11-20,84.690002,1781.369995
2013-11-21,84.669998,1795.849976
2013-11-22,84.949997,1804.76001
2013-11-25,85.410004,1802.47998
2013-11-26,84.639999,1802.75
2013-11-27,84.279999,1807.22998
2013-11-29,84.220001,1805.810059
2013-12-02,83.339996,1800.900024
2013-12-03,83.830002,1795.150024
2013-12-04,83.349998,1792.810059
2013-12-05,82.690002,1785.030029
2013-12-06,84.519997,1805.089966
2013-12-09,84.779999,1808.369995
2013-12-10,83.650002,1802.619995
2013-12-11,84.019997,1782.219971
2013-12-12,82.300003,1775.5
2013-12-13,82.370003,1775.319946
2013-12-16,81.690002,1786.540039
2013-12-17,80.910004,1781.0
2013-12-18,82.379997,1810.650024
2013-12-19,81.900002,1809.599976
2013-12-20,81.839996,1818.319946
2013-12-23,81.309998,1827.98999
2013-12-24,81.309998,1833.319946
2013-12-26,81.760002,1842.02002
2013-12-27,82.010002,1841.400024
2013-12-30,82.0,1841.069946
2013-12-31,81.410004,1848.359985
2014-01-02,80.540001,1831.97998
2014-01-03,80.449997,1831.369995
2014-01-06,80.639999,1826.77002
2014-01-07,81.419998,1837.880005
2014-01-08,80.239998,1837.48999
2014-01-09,80.419998,1838.130005
2014-01-10,80.300003,1842.369995
2014-01-13,80.010002,1819.199951
2014-01-14,80.870003,1838.880005
2014-01-15,80.790001,1848.380005
2014-01-16,80.559998,1845.890015
2014-01-17,79.879997,1838.699951
2014-01-21,80.18,1843.800049
2014-01-22,79.230003,1844.859985
2014-01-23,78.239998,1828.459961
2014-01-24,79.18,1790.290039
2014-01-27,78.470001,1781.560059
2014-01-28,79.110001,1792.5
2014-01-29,77.639999,1774.199951
2014-01-30,76.870003,1794.189941
2014-01-31,76.620003,1782.589966
2014-02-03,75.699997,1741.890015
2014-02-04,76.089996,1755.199951
2014-02-05,76.449997,1751.640015
2014-02-06,76.900002,1773.430054
2014-02-07,77.309998,1797.02002
2014-02-10,78.029999,1799.839966
2014-02-11,78.839996,1819.75
2014-02-12,77.489998,1819.26001
2014-02-13,77.800003,1829.829956
2014-02-14,79.400002,1838.630005
2014-02-18,77.970001,1840.76001
2014-02-19,78.139999,1828.75
2014-02-20,77.919998,1839.780029
2014-02-21,77.970001,1836.25
2014-02-24,77.860001,1847.609985
2014-02-25,78.120003,1845.119995
2014-02-26,77.860001,1845.160034
2014-02-27,78.190002,1854.290039
2014-02-28,78.660004,1859.449951
2014-03-03,77.480003,1845.72998
2014-03-04,78.449997,1873.910034
2014-03-05,77.82,1873.810059
2014-03-06,78.059998,1877.030029
2014-03-07,78.379997,1878.040039
2014-03-10,78.529999,1877.170044
2014-03-11,78.949997,1867.630005
2014-03-12,79.239998,1868.199951
2014-03-13,79.190002,1846.339966
2014-03-14,78.980003,1841.130005
2014-03-17,79.839996,1858.829956
2014-03-18,79.769997,1872.25
2014-03-19,78.779999,1860.77002
2014-03-20,78.32,1872.01001
2014-03-21,77.879997,1866.52002
2014-03-24,79.300003,1857.439941
2014-03-25,79.809998,1865.619995
2014-03-26,79.5,1852.560059
2014-03-27,79.650002,1849.040039
2014-03-28,79.760002,1857.619995
2014-03-31,80.599998,1872.339966
2014-04-01,80.339996,1885.52002
2014-04-02,80.129997,1890.900024
2014-04-03,80.099998,1888.77002
2014-04-04,79.769997,1865.089966
2014-04-07,80.489998,1845.040039
2014-04-08,81.349998,1851.959961
2014-04-09,81.489998,1872.180054
2014-04-10,81.089996,1833.079956
2014-04-11,80.760002,1815.689941
2014-04-14,80.809998,1830.609985
2014-04-15,80.839996,1842.97998
2014-04-16,81.650002,1862.310059
2014-04-17,81.760002,1864.849976
2014-04-21,81.559998,1871.890015
2014-04-22,81.25,1879.550049
2014-04-23,80.360001,1875.390015
2014-04-24,81.150002,1878.609985
2014-04-25,81.410004,1863.400024
2014-04-28,82.940002,1869.430054
2014-04-29,82.440002,1878.329956
2014-04-30,82.550003,1883.949951
2014-05-01,82.339996,1883.680054
2014-05-02,81.919998,1881.140015
2014-05-05,81.699997,1884.660034
2014-05-06,81.129997,1867.719971
2014-05-07,82.089996,1878.209961
2014-05-08,82.160004,1875.630005
2014-05-09,82.389999,1878.47998
2014-05-12,81.730003,1896.650024
2014-05-13,81.610001,1897.449951
2014-05-14,81.169998,1888.530029
2014-05-15,80.529999,1870.849976
2014-05-16,80.330002,1877.859985
2014-05-19,79.93,1885.079956
2014-05-20,80.230003,1872.829956
2014-05-21,80.489998,1888.030029
2014-05-22,80.650002,1892.48999
2014-05-23,80.519997,1900.530029
2014-05-27,80.080002,1911.910034
2014-05-28,80.099998,1909.780029
2014-05-29,80.400002,1920.030029
2014-05-30,80.790001,1923.569946
2014-06-02,80.360001,1924.969971
2014-06-03,79.93,1924.23999
2014-06-04,79.860001,1927.880005
2014-06-05,80.110001,1940.459961
2014-06-06,80.029999,1949.439941
2014-06-09,80.089996,1951.27002
2014-06-10,80.150002,1950.790039
2014-06-11,80.059998,1943.890015
2014-06-12,79.760002,1930.109985
2014-06-13,79.639999,1936.160034
2014-06-16,79.690002,1937.780029
2014-06-17,79.580002,1941.98999
2014-06-18,79.790001,1956.97998
2014-06-19,80.239998,1959.47998
2014-06-20,79.93,1962.869995
2014-06-23,79.519997,1962.609985
2014-06-24,79.010002,1949.97998
2014-06-25,79.32,1959.530029
2014-06-26,78.620003,1957.219971
2014-06-27,79.019997,1960.959961
2014-06-30,78.589996,1960.22998
2014-07-01,79.279999,1973.319946
2014-07-02,79.559998,1974.619995
2014-07-03,79.980003,1985.439941
2014-07-07,80.190002,1977.650024
2014-07-08,80.559998,1963.709961
2014-07-09,81.669998,1972.829956
2014-07-10,81.610001,1964.680054
2014-07-11,81.160004,1967.569946
2014-07-14,81.32,1977.099976
2014-07-15,81.260002,1973.280029
2014-07-16,80.940002,1981.569946
2014-07-17,80.400002,1958.119995
2014-07-18,80.550003,1978.219971
2014-07-21,80.279999,1973.630005
2014-07-22,80.099998,1983.530029
2014-07-23,79.989998,1987.01001
2014-07-24,80.260002,1987.97998
2014-07-25,79.559998,1978.339966
2014-07-28,79.260002,1978.910034
2014-07-29,78.650002,1969.949951
2014-07-30,78.160004,1970.069946
2014-07-31,77.32,1930.670044
2014-08-01,79.650002,1925.150024
2014-08-04,79.220001,1938.98999
2014-08-05,79.410004,1920.209961
2014-08-06,81.089996,1920.23999
2014-08-07,80.139999,1909.569946
2014-08-08,80.949997,1931.589966
2014-08-11,81.480003,1936.920044
2014-08-12,81.419998,1933.75
2014-08-13,81.480003,1946.719971
2014-08-14,81.949997,1955.180054
2014-08-15,81.779999,1955.060059
2014-08-18,82.440002,1971.73999
2014-08-19,82.690002,1981.599976
2014-08-20,82.809998,1986.51001
2014-08-21,83.279999,1992.369995
2014-08-22,83.389999,1988.400024
2014-08-25,83.540001,1997.920044
2014-08-26,83.379997,2000.02002
2014-08-27,83.309998,2000.119995
2014-08-28,83.029999,1996.73999
2014-08-29,83.110001,2003.369995
2014-09-02,82.980003,2002.280029
2014-09-03,82.900002,2000.719971
2014-09-04,83.699997,1997.650024
2014-09-05,83.769997,2007.709961
2014-09-08,83.32,2001.540039
2014-09-09,82.989998,1988.439941
2014-09-10,83.639999,1995.689941
2014-09-11,83.489998,1997.449951
2014-09-12,83.260002,1985.540039
2014-09-15,83.870003,1984.130005
2014-09-16,84.080002,1998.97998
2014-09-17,84.160004,2001.569946
2014-09-18,84.190002,2011.359985
2014-09-19,84.470001,2010.400024
2014-09-22,84.809998,1994.290039
2014-09-23,84.440002,1982.77002
2014-09-24,85.239998,1998.300049
2014-09-25,84.330002,1965.98999
2014-09-26,84.580002,1982.849976
2014-09-29,84.440002,1977.800049
2014-09-30,83.739998,1972.290039
2014-10-01,83.139999,1946.160034
2014-10-02,83.050003,1946.170044
2014-10-03,83.790001,1967.900024
2014-10-06,83.57,1964.819946
2014-10-07,83.160004,1935.099976
2014-10-08,84.18,1968.890015
2014-10-09,83.660004,1928.209961
2014-10-10,84.690002,1906.130005
2014-10-13,83.370003,1874.73999
2014-10-14,83.550003,1877.699951
2014-10-15,82.949997,1862.48999
2014-10-16,82.239998,1862.76001
2014-10-17,83.269997,1886.76001
2014-10-20,84.18,1904.01001
2014-10-21,84.610001,1941.280029
2014-10-22,84.230003,1927.109985
2014-10-23,83.230003,1950.819946
2014-10-24,85.160004,1964.579956
2014-10-27,85.949997,1961.630005
2014-10-28,86.470001,1985.050049
2014-10-29,86.540001,1982.300049
2014-10-30,86.940002,1994.650024
2014-10-31,87.269997,2018.050049
2014-11-03,87.379997,2017.810059
2014-11-04,88.639999,2012.099976
2014-11-05,89.0,2023.569946
2014-11-06,88.900002,2031.209961
2014-11-07,89.129997,2031.920044
2014-11-10,89.449997,2038.26001
2014-11-11,89.669998,2039.680054
2014-11-12,89.480003,2038.25
2014-11-13,88.599998,2039.329956
2014-11-14,88.110001,2039.819946
2014-11-17,87.839996,2041.319946
2014-11-18,87.949997,2051.800049
2014-11-19,88.730003,2048.719971
2014-11-20,88.470001,2052.75
2014-11-21,88.599998,2063.5
2014-11-24,88.110001,2069.409912
2014-11-25,88.800003,2067.030029
2014-11-26,88.879997,2072.830078
2014-11-28,90.43,2067.560059
2014-12-01,90.080002,2053.439941
2014-12-02,91.07,2066.550049
2014-12-03,90.0,2074.330078
2014-12-04,90.580002,2071.919922
2014-12-05,90.379997,2075.370117
2014-12-08,90.760002,2060.310059
2014-12-09,90.709999,2059.820068
2014-12-10,90.0,2026.140015
2014-12-11,90.410004,2035.329956
2014-12-12,89.550003,2002.329956
2014-12-15,89.199997,1989.630005
2014-12-16,89.360001,1972.73999
2014-12-17,90.699997,2012.890015
2014-12-18,92.0,2061.22998
2014-12-19,92.050003,2070.649902
2014-12-22,92.599998,2078.540039
2014-12-23,93.290001,2082.169922
2014-12-24,93.139999,2081.879883
2014-12-26,93.459999,2088.77002
2014-12-29,92.639999,2090.570068
2014-12-30,92.400002,2080.350098
2014-12-31,91.089996,2058.899902
2015-01-02,90.440002,2058.199951
2015-01-05,90.010002,2020.579956
2015-01-06,89.599998,2002.609985
2015-01-07,90.07,2025.900024
2015-01-08,91.099998,2062.139893
2015-01-09,90.25,2044.810059
2015-01-12,89.919998,2028.26001
2015-01-13,90.300003,2023.030029
2015-01-14,89.989998,2011.27002
2015-01-15,89.860001,1992.670044
2015-01-16,91.25,2019.420044
2015-01-20,91.190002,2022.550049
2015-01-21,90.730003,2032.119995
2015-01-22,91.620003,2063.149902
2015-01-23,90.080002,2051.820068
2015-01-26,89.580002,2057.090088
2015-01-27,86.489998,2029.550049
2015-01-28,85.150002,2002.160034
2015-01-29,85.669998,2021.25
2015-01-30,84.290001,1994.98999
2015-02-02,85.120003,2020.849976
2015-02-03,85.949997,2050.030029
2015-02-04,85.790001,2041.51001
2015-02-05,86.699997,2062.52002
2015-02-06,85.610001,2055.469971
2015-02-09,85.050003,2046.73999
2015-02-10,85.389999,2068.590088
2015-02-11,85.639999,2068.530029
2015-02-12,86.029999,2088.47998
2015-02-13,85.900002,2096.98999
2015-02-17,85.489998,2100.340088
2015-02-18,86.260002,2099.679932
2015-02-19,85.209999,2097.449951
2015-02-20,84.870003,2110.300049
2015-02-23,85.389999,2109.659912
2015-02-24,85.5,2115.47998
2015-02-25,85.459999,2113.860107
2015-02-26,85.169998,2110.73999
2015-02-27,85.129997,2104.5
2015-03-02,85.410004,2117.389893
2015-03-03,85.160004,2107.780029
2015-03-04,84.349998,2098.530029
2015-03-05,84.629997,2101.040039
2015-03-06,82.660004,2071.26001
2015-03-09,83.089996,2079.429932
2015-03-10,81.540001,2044.160034
2015-03-11,81.389999,2040.23999
2015-03-12,82.089996,2065.949951
2015-03-13,81.830002,2053.399902
2015-03-16,83.559998,2081.189941
2015-03-17,82.849998,2074.280029
2015-03-18,83.75,2099.5
2015-03-19,83.379997,2089.27002
2015-03-20,84.739998,2108.100098
2015-03-23,84.860001,2104.419922
2015-03-24,83.919998,2091.5
2015-03-25,83.010002,2061.050049
2015-03-26,82.150002,2056.149902
2015-03-27,82.309998,2061.02002
2015-03-30,82.720001,2086.23999
2015-03-31,81.940002,2067.889893
2015-04-01,82.32,2059.689941
2015-04-02,82.43,2066.959961
2015-04-06,83.040001,2080.620117
2015-04-07,82.389999,2076.330078
2015-04-08,82.769997,2081.899902
2015-04-09,82.889999,2091.179932
2015-04-10,83.349998,2102.060059
2015-04-13,83.43,2092.429932
2015-04-14,83.599998,2095.840088
2015-04-15,83.510002,2106.629883
2015-04-16,83.5,2104.98999
2015-04-17,82.529999,2081.179932
2015-04-20,82.870003,2100.399902
2015-04-21,83.080002,2097.290039
2015-04-22,83.089996,2107.959961
2015-04-23,80.949997,2112.929932
2015-04-24,81.0,2117.689941
2015-04-27,80.599998,2108.919922
2015-04-28,80.419998,2114.76001
2015-04-29,79.849998,2106.850098
2015-04-30,79.510002,2085.51001
2015-05-01,80.290001,2108.290039
2015-05-04,80.349998,2114.48999
2015-05-05,80.07,2089.459961
2015-05-06,80.400002,2080.149902
2015-05-07,80.199997,2088.0
2015-05-08,80.959999,2116.100098
2015-05-11,80.269997,2105.330078
2015-05-12,79.949997,2099.120117
2015-05-13,79.699997,2098.47998
2015-05-14,80.57,2121.100098
2015-05-15,81.050003,2122.72998
2015-05-18,80.739998,2129.199951
2015-05-19,80.830002,2127.830078
2015-05-20,80.480003,2125.850098
2015-05-21,80.410004,2130.820068
2015-05-22,79.949997,2126.060059
2015-05-26,79.139999,2104.199951
2015-05-27,79.389999,2123.47998
2015-05-28,79.330002,2120.790039
2015-05-29,78.389999,2107.389893
2015-06-01,78.849998,2111.72998
2015-06-02,78.540001,2109.600098
2015-06-03,78.559998,2114.070068
2015-06-04,78.150002,2095.840088
2015-06-05,77.43,2092.830078
2015-06-08,77.709999,2079.280029
2015-06-09,78.900002,2080.149902
2015-06-10,79.540001,2105.199951
2015-06-11,79.410004,2108.860107
2015-06-12,78.870003,2094.110107
2015-06-15,78.120003,2084.429932
2015-06-16,79.099998,2096.290039
2015-06-17,80.080002,2100.439941
2015-06-18,80.82,2121.23999
2015-06-19,80.540001,2109.98999
2015-06-22,80.449997,2122.850098
2015-06-23,79.790001,2124.199951
2015-06-24,79.510002,2108.580078
2015-06-25,79.389999,2102.310059
2015-06-26,79.339996,2101.48999
2015-06-29,78.32,2057.639893
2015-06-30,78.239998,2063.110107
2015-07-01,79.720001,2077.419922
2015-07-02,79.93,2076.780029
2015-07-06,80.050003,2068.76001
2015-07-07,81.720001,2081.340088
2015-07-08,80.989998,2046.680054
2015-07-09,80.660004,2051.310059
2015-07-10,80.949997,2076.620117
2015-07-13,81.910004,2099.600098
2015-07-14,82.040001,2108.949951
2015-07-15,82.150002,2107.399902
2015-07-16,82.300003,2124.290039
2015-07-17,82.239998,2126.639893
2015-07-20,82.190002,2128.280029
2015-07-21,81.629997,2119.209961
2015-07-22,80.830002,2114.149902
2015-07-23,80.699997,2102.149902
2015-07-24,80.290001,2079.649902
2015-07-27,79.970001,2067.639893
2015-07-28,80.230003,2093.25
2015-07-29,80.620003,2108.570068
2015-07-30,77.389999,2108.629883
2015-07-31,76.699997,2103.840088
2015-08-03,76.400002,2098.040039
2015-08-04,75.910004,2093.320068
2015-08-05,75.769997,2099.840088
2015-08-06,75.739998,2083.560059
2015-08-07,75.480003,2077.570068
2015-08-10,76.379997,2104.179932
2015-08-11,76.220001,2084.070068
2015-08-12,76.389999,2086.050049
2015-08-13,75.779999,2083.389893
2015-08-14,75.620003,2091.540039
2015-08-17,75.529999,2102.439941
2015-08-18,75.129997,2096.919922
2015-08-19,74.120003,2079.610107
2015-08-20,73.910004,2035.72998
2015-08-21,71.839996,1970.890015
2015-08-24,69.139999,1893.209961
2015-08-25,68.419998,1867.609985
2015-08-26,70.900002,1940.51001
2015-08-27,71.480003,1987.660034
2015-08-28,71.209999,1988.869995
2015-08-31,70.669998,1972.180054
2015-09-01,68.900002,1913.849976
2015-09-02,69.809998,1948.859985
2015-09-03,69.93,1951.130005
2015-09-04,68.760002,1921.219971
2015-09-08,69.980003,1969.410034
2015-09-09,68.480003,1942.040039
2015-09-10,68.32,1952.290039
2015-09-11,68.419998,1961.050049
2015-09-14,68.059998,1953.030029
2015-09-15,69.449997,1978.089966
2015-09-16,70.099998,1995.310059
2015-09-17,70.239998,1990.199951
2015-09-18,69.940002,1958.030029
2015-09-21,70.650002,1966.969971
2015-09-22,70.190002,1942.73999
2015-09-23,70.260002,1938.76001
2015-09-24,71.360001,1932.23999
2015-09-25,72.669998,1931.339966
2015-09-28,71.769997,1881.77002
2015-09-29,72.279999,1884.089966
2015-09-30,71.940002,1920.030029
2015-10-01,71.949997,1923.819946
2015-10-02,72.419998,1951.359985
2015-10-05,73.220001,1987.050049
2015-10-06,73.400002,1979.920044
2015-10-07,73.720001,1995.829956
2015-10-08,74.400002,2013.430054
2015-10-09,74.480003,2014.890015
2015-10-12,74.330002,2017.459961
2015-10-13,74.110001,2003.689941
2015-10-14,74.209999,1994.23999
2015-10-15,74.269997,2023.859985
2015-10-16,74.900002,2033.109985
2015-10-19,75.160004,2033.660034
2015-10-20,74.43,2030.77002
2015-10-21,73.589996,2018.939941
2015-10-22,74.849998,2052.51001
2015-10-23,77.029999,2075.149902
2015-10-26,77.489998,2071.179932
2015-10-27,77.290001,2065.889893
2015-10-28,76.510002,2090.350098
2015-10-29,77.019997,2089.409912
2015-10-30,76.379997,2079.360107
2015-11-02,76.599998,2104.050049
2015-11-03,77.050003,2109.790039
2015-11-04,77.059998,2102.310059
2015-11-05,76.389999,2099.929932
2015-11-06,75.57,2099.199951
2015-11-09,75.400002,2078.580078
2015-11-10,75.769997,2081.719971
2015-11-11,75.959999,2075.0
2015-11-12,74.660004,2045.969971
2015-11-13,73.959999,2023.040039
2015-11-16,75.300003,2053.189941
2015-11-17,75.07,2050.439941
2015-11-18,75.900002,2083.580078
2015-11-19,76.220001,2081.23999
2015-11-20,75.82,2089.169922
2015-11-23,75.970001,2086.590088
2015-11-24,76.449997,2089.139893
2015-11-25,75.900002,2088.870117
2015-11-27,75.699997,2090.110107
2015-11-30,74.839996,2080.409912
2015-12-01,75.940002,2102.629883
2015-12-02,75.790001,2079.51001
2015-12-03,75.739998,2049.620117
2015-12-04,77.830002,2091.689941
2015-12-07,78.370003,2077.070068
2015-12-08,77.75,2063.590088
2015-12-09,77.699997,2047.619995
2015-12-10,77.790001,2052.22998
2015-12-11,77.779999,2012.369995
2015-12-14,78.290001,2021.939941
2015-12-15,79.68,2043.410034
2015-12-16,80.989998,2073.070068
2015-12-17,80.290001,2041.890015
2015-12-18,78.129997,2005.550049
2015-12-21,78.949997,2021.150024
2015-12-22,79.599998,2038.969971
2015-12-23,79.919998,2064.290039
2015-12-24,79.790001,2060.98999
2015-12-28,79.919998,2056.5
2015-12-29,80.360001,2078.360107
2015-12-30,80.07,2063.360107
2015-12-31,79.410004,2043.939941
2016-01-04,78.370003,2012.660034
2016-01-05,78.620003,2016.709961
2016-01-06,77.860001,1990.26001
2016-01-07,77.18,1943.089966
2016-01-08,75.970001,1922.030029
2016-01-11,76.669998,1923.670044
2016-01-12,76.510002,1938.680054
2016-01-13,75.849998,1890.280029
2016-01-14,76.150002,1921.839966
2016-01-15,74.980003,1880.329956
2016-01-19,76.730003,1881.329956
2016-01-20,75.830002,1859.329956
2016-01-21,76.720001,1868.98999
2016-01-22,77.360001,1906.900024
2016-01-25,76.849998,1877.079956
2016-01-26,78.809998,1903.630005
2016-01-27,78.800003,1882.949951
2016-01-28,79.82,1893.359985
2016-01-29,81.690002,1940.23999
2016-02-01,81.120003,1939.380005
2016-02-02,80.220001,1903.030029
2016-02-03,81.099998,1912.530029
2016-02-04,80.699997,1915.449951
2016-02-05,81.199997,1880.050049
2016-02-08,82.620003,1853.439941
2016-02-09,82.639999,1852.209961
2016-02-10,81.620003,1851.859985
2016-02-11,79.900002,1829.079956
2016-02-12,80.989998,1864.780029
2016-02-16,81.470001,1895.579956
2016-02-17,82.449997,1926.819946
2016-02-18,81.980003,1917.829956
2016-02-19,81.790001,1917.780029
2016-02-22,82.129997,1945.5
2016-02-23,81.809998,1921.27002
2016-02-24,81.559998,1929.800049
2016-02-25,82.339996,1951.699951
2016-02-26,81.099998,1948.050049
2016-02-29,80.290001,1932.22998
2016-03-01,81.230003,1978.349976
2016-03-02,82.550003,1986.449951
2016-03-03,82.839996,1993.400024
2016-03-04,83.489998,1999.98999
2016-03-07,83.099998,2001.76001
2016-03-08,83.059998,1979.26001
2016-03-09,82.959999,1989.26001
2016-03-10,82.279999,1989.569946
2016-03-11,81.75,2022.189941
2016-03-14,81.169998,2019.640015
2016-03-15,81.309998,2015.930054
2016-03-16,81.339996,2027.219971
2016-03-17,82.75,2040.589966
2016-03-18,83.150002,2049.580078
2016-03-21,83.32,2051.600098
2016-03-22,82.739998,2049.800049
2016-03-23,82.82,2036.709961
2016-03-24,82.889999,2035.939941
2016-03-28,82.620003,2037.050049
2016-03-29,82.800003,2055.01001
2016-03-30,82.68,2063.949951
2016-03-31,82.309998,2059.73999
2016-04-01,83.529999,2072.780029
2016-04-04,83.209999,2066.129883
2016-04-05,83.160004,2045.170044
2016-04-06,83.809998,2066.659912
2016-04-07,83.239998,2041.910034
2016-04-08,83.199997,2047.599976
2016-04-11,82.730003,2041.98999
2016-04-12,82.830002,2061.719971
2016-04-13,82.459999,2082.419922
2016-04-14,82.010002,2082.780029
2016-04-15,82.300003,2080.72998
2016-04-18,82.830002,2094.340088
2016-04-19,83.279999,2100.800049
2016-04-20,81.550003,2102.399902
2016-04-21,80.800003,2091.47998
2016-04-22,80.949997,2091.580078
2016-04-25,81.410004,2087.790039
2016-04-26,79.550003,2091.699951
2016-04-27,79.889999,2095.149902
2016-04-28,79.760002,2075.810059
2016-04-29,80.120003,2065.300049
2016-05-02,80.970001,2081.429932
2016-05-03,81.099998,2063.370117
2016-05-04,81.599998,2051.120117
2016-05-05,81.300003,2050.629883
2016-05-06,82.129997,2057.139893
2016-05-09,82.120003,2058.689941
2016-05-10,82.480003,2084.389893
2016-05-11,82.150002,2064.459961
2016-05-12,82.410004,2064.110107
2016-05-13,81.230003,2046.609985
2016-05-16,81.629997,2066.659912
2016-05-17,80.620003,2047.209961
2016-05-18,79.849998,2047.630005
2016-05-19,80.190002,2040.040039
2016-05-20,80.019997,2052.320068
2016-05-23,80.199997,2048.040039
2016-05-24,80.970001,2076.060059
2016-05-25,81.480003,2090.540039
2016-05-26,81.220001,2090.100098
2016-05-27,81.43,2099.060059
2016-05-31,81.040001,2096.949951
2016-06-01,81.790001,2099.330078
2016-06-02,81.949997,2105.26001
2016-06-03,82.470001,2099.129883
2016-06-06,82.769997,2109.409912
2016-06-07,82.32,2112.129883
2016-06-08,82.650002,2119.120117
2016-06-09,83.169998,2115.47998
2016-06-10,83.199997,2096.070068
2016-06-13,82.57,2079.060059
2016-06-14,83.349998,2075.320068
2016-06-15,82.949997,2071.5
2016-06-16,83.410004,2077.98999
2016-06-17,83.129997,2071.219971
2016-06-20,83.040001,2083.25
2016-06-21,83.410004,2088.899902
2016-06-22,83.57,2085.449951
2016-06-23,84.209999,2113.320068
2016-06-24,82.260002,2037.410034
2016-06-27,81.230003,2000.540039
2016-06-28,82.459999,2036.089966
2016-06-29,83.910004,2066.089966
2016-06-30,84.669998,2098.860107
2016-07-01,84.779999,2102.949951
2016-07-05,85.440002,2088.550049
2016-07-06,85.029999,2099.72998
2016-07-07,84.830002,2097.899902
2016-07-08,85.769997,2129.899902
2016-07-11,85.75,2137.159912
2016-07-12,85.75,2152.139893
2016-07-13,85.889999,2152.429932
2016-07-14,85.870003,2163.75
2016-07-15,86.010002,2161.73999
2016-07-18,85.93,2166.889893
2016-07-19,86.169998,2163.780029
2016-07-20,85.32,2173.02002
2016-07-21,85.260002,2165.169922
2016-07-22,85.720001,2175.030029
2016-07-25,85.800003,2168.47998
2016-07-26,85.269997,2169.179932
2016-07-27,84.459999,2166.580078
2016-07-28,84.809998,2170.060059
2016-07-29,85.589996,2173.600098
2016-08-01,86.410004,2170.840088
2016-08-02,86.760002,2157.030029
2016-08-03,85.970001,2163.790039
2016-08-04,86.050003,2164.25
2016-08-05,85.779999,2182.870117
2016-08-08,85.760002,2180.889893
2016-08-09,85.989998,2181.73999
2016-08-10,86.309998,2175.48999
2016-08-11,86.730003,2185.790039
2016-08-12,87.040001,2184.050049
2016-08-15,87.019997,2190.149902
2016-08-16,86.580002,2178.149902
2016-08-17,86.959999,2182.219971
2016-08-18,87.440002,2187.02002
2016-08-19,87.309998,2183.870117
2016-08-22,86.849998,2182.639893
2016-08-23,87.400002,2186.899902
2016-08-24,87.309998,2175.439941
2016-08-25,87.900002,2172.469971
2016-08-26,87.580002,2169.040039
2016-08-29,88.300003,2180.379883
2016-08-30,87.540001,2176.120117
2016-08-31,87.309998,2170.949951
2016-09-01,88.309998,2170.860107
2016-09-02,88.199997,2179.97998
2016-09-06,88.639999,2186.47998
2016-09-07,87.949997,2186.159912
2016-09-08,87.779999,2181.300049
2016-09-09,86.239998,2127.810059
2016-09-12,88.25,2159.040039
2016-09-13,87.050003,2127.02002
2016-09-14,87.010002,2125.77002
2016-09-15,88.059998,2147.26001
2016-09-16,88.050003,2139.159912
2016-09-19,88.370003,2139.120117
2016-09-20,88.580002,2139.76001
2016-09-21,87.800003,2163.120117
2016-09-22,88.989998,2177.179932
2016-09-23,87.760002,2164.689941
2016-09-26,87.849998,2146.100098
2016-09-27,88.360001,2159.929932
2016-09-28,89.459999,2171.370117
2016-09-29,88.230003,2151.129883
2016-09-30,89.75,2168.27002
2016-10-03,88.660004,2161.199951
2016-10-04,88.349998,2150.48999
2016-10-05,88.849998,2159.72998
2016-10-06,89.220001,2160.77002
2016-10-07,90.0,2153.73999
2016-10-10,89.059998,2163.659912
2016-10-11,88.540001,2136.72998
2016-10-12,88.57,2139.179932
2016-10-13,88.239998,2132.550049
2016-10-14,88.43,2132.97998
2016-10-17,87.830002,2126.5
2016-10-18,87.449997,2139.600098
2016-10-19,85.540001,2144.290039
2016-10-20,84.93,2141.340088
2016-10-21,84.330002,2141.159912
2016-10-24,84.099998,2151.330078
2016-10-25,86.970001,2143.159912
2016-10-26,87.400002,2139.429932
2016-10-27,86.580002,2133.040039
2016-10-28,86.839996,2126.409912
2016-10-31,86.800003,2126.149902
2016-11-01,86.849998,2111.719971
2016-11-02,86.739998,2097.939941
2016-11-03,86.599998,2088.659912
2016-11-04,85.080002,2085.179932
2016-11-07,86.559998,2131.52002
2016-11-08,87.459999,2139.560059
2016-11-09,85.93,2163.26001
2016-11-10,82.959999,2167.47998
2016-11-11,83.580002,2164.449951
2016-11-14,83.0,2164.199951
2016-11-15,83.620003,2180.389893
2016-11-16,83.190002,2176.939941
2016-11-17,83.07,2187.120117
2016-11-18,82.0,2181.899902
2016-11-21,82.639999,2198.179932
2016-11-22,82.760002,2202.939941
2016-11-23,82.68,2204.719971
2016-11-25,83.459999,2213.350098
2016-11-28,83.07,2201.719971
2016-11-29,82.889999,2204.659912
2016-11-30,82.459999,2198.810059
2016-12-01,81.860001,2191.080078
2016-12-02,82.400002,2191.949951
2016-12-05,82.989998,2204.709961
2016-12-06,82.910004,2212.22998
2016-12-07,84.18,2241.350098
2016-12-08,83.5,2246.189941
2016-12-09,84.370003,2259.530029
2016-12-12,85.129997,2256.959961
2016-12-13,85.18,2271.719971
2016-12-14,84.370003,2253.280029
2016-12-15,84.68,2262.030029
2016-12-16,84.68,2258.070068
2016-12-19,84.709999,2262.530029
2016-12-20,84.57,2270.76001
2016-12-21,84.279999,2265.179932
2016-12-22,84.470001,2260.959961
2016-12-23,84.959999,2263.790039
2016-12-27,84.599998,2268.879883
2016-12-28,84.07,2249.919922
2016-12-29,84.349998,2249.26001
2016-12-30,84.080002,2238.830078
2017-01-03,84.199997,2257.830078
2017-01-04,84.5,2270.75
2017-01-05,85.059998,2269.0
2017-01-06,85.029999,2276.97998
2017-01-09,84.400002,2268.899902
2017-01-10,83.489998,2268.899902
2017-01-11,83.75,2275.320068
2017-01-12,83.839996,2270.439941
2017-01-13,84.010002,2274.639893
2017-01-17,85.209999,2267.889893
2017-01-18,84.93,2271.889893
2017-01-19,84.699997,2263.689941
2017-01-20,87.449997,2271.310059
2017-01-23,86.959999,2265.199951
2017-01-24,87.860001,2280.070068
2017-01-25,87.160004,2298.370117
2017-01-26,86.599998,2296.679932
2017-01-27,86.720001,2294.689941
2017-01-30,86.75,2280.899902
2017-01-31,87.599998,2278.870117
2017-02-01,87.330002,2279.550049
2017-02-02,87.760002,2280.850098
2017-02-03,87.410004,2297.419922
2017-02-06,87.400002,2292.560059
2017-02-07,88.010002,2293.080078
2017-02-08,88.330002,2294.669922
2017-02-09,88.669998,2307.870117
2017-02-10,87.970001,2316.100098
2017-02-13,88.309998,2328.25
2017-02-14,87.860001,2337.580078
2017-02-15,91.120003,2349.25
2017-02-16,90.790001,2347.219971
2017-02-17,91.089996,2351.159912
2017-02-21,91.669998,2365.379883
2017-02-22,91.440002,2362.820068
2017-02-23,91.129997,2363.810059
2017-02-24,91.050003,2367.340088
2017-02-27,90.889999,2369.75
2017-02-28,91.07,2363.639893
2017-03-01,91.660004,2395.959961
2017-03-02,90.910004,2381.919922
2017-03-03,90.5,2383.120117
2017-03-06,90.370003,2375.310059
2017-03-07,90.290001,2368.389893
2017-03-08,90.139999,2362.97998
2017-03-09,90.339996,2364.870117
2017-03-10,91.07,2372.600098
2017-03-13,91.309998,2373.469971
2017-03-14,91.0,2365.449951
2017-03-15,91.400002,2385.26001
2017-03-16,91.440002,2381.379883
2017-03-17,91.0,2378.25
2017-03-20,91.220001,2373.469971
2017-03-21,91.190002,2344.02002
2017-03-22,90.989998,2348.449951
2017-03-23,90.769997,2345.959961
2017-03-24,90.57,2343.97998
