Date,WMT,FB,BP
2013-12-31,70.753525,54.650002,37.75835
2014-01-02,70.951355,54.709999,37.268997
2014-01-03,70.717583,54.560001,37.18354
2014-01-06,70.321945,57.200001,37.284527
2014-01-07,70.537735,57.919998,37.711742
2014-01-08,69.98027,58.23,37.851563
2014-01-09,70.214035,57.220001,37.944771
2014-01-10,70.169098,57.939999,38.216652
2014-01-13,69.674553,55.91,37.401039
2014-01-14,70.097168,57.740002,37.548626
2014-01-15,69.827415,57.599998,37.362198
2014-01-16,69.018181,57.189999,37.214619
2014-01-17,68.505676,56.299999,37.43988
2014-01-21,68.190971,58.509998,37.696209
2014-01-22,67.750381,57.509998,38.092358
2014-01-23,67.399734,56.630001,37.773884
2014-01-24,66.914185,54.450001,37.090336
2014-01-27,66.671417,53.549999,36.701958
2014-01-28,67.138962,55.139999,36.880611
2014-01-29,66.626465,53.529999,36.717491
2014-01-30,67.210899,61.080002,36.826241
2014-01-31,67.147972,62.57,36.422325
2014-02-03,65.331711,61.48,35.816448
2014-02-04,65.394661,62.75,35.940731
2014-02-05,65.520523,62.189999,35.762074
2014-02-06,65.475563,62.16,36.756332
2014-02-07,66.311768,64.32,36.981583
2014-02-10,66.320755,63.549999,36.896149
2014-02-11,67.255875,64.849998,37.75835
2014-02-12,67.399734,64.449997,38.025581
2014-02-13,67.759377,67.330002,38.080601
2014-02-14,68.146019,67.089996,38.363548
2014-02-18,67.732414,67.300003,38.835144
2014-02-19,67.300827,68.059998,38.772263
2014-02-20,66.104973,69.629997,39.188828
2014-02-21,65.745316,68.589996,39.149525
2014-02-24,65.95211,70.779999,39.511078
2014-02-25,65.95211,69.849998,39.825474
2014-02-26,67.237892,69.260002,39.628979
2014-02-27,67.04007,68.940002,39.621113
2014-02-28,67.165947,68.459999,39.778313
2014-03-03,66.64444,67.410004,38.51289
2014-03-04,67.552589,68.800003,38.780117
2014-03-05,67.255875,71.57,38.371414
2014-03-06,67.327805,70.839996,38.347832
2014-03-07,67.490692,69.800003,38.06488
2014-03-10,67.354965,72.029999,38.072742
2014-03-11,67.79837,70.099998,37.899826
2014-03-12,68.350388,70.879997,37.891964
2014-03-13,67.807419,68.830002,37.404659
2014-03-14,67.219193,67.720001,37.483253
2014-03-17,67.581177,68.739998,37.459682
2014-03-18,67.662636,69.190002,37.381084
2014-03-19,67.309692,68.239998,37.192451
2014-03-20,68.214638,66.970001,36.563663
2014-03-21,68.866203,67.239998,36.555805
2014-03-24,69.463463,64.099998,36.705139
2014-03-25,69.563011,64.889999,36.948792
2014-03-26,68.983841,60.389999,36.917351
2014-03-27,68.902397,60.970001,37.388943
2014-03-28,68.784775,60.009998,38.017719
2014-03-31,69.164841,60.240002,37.805508
2014-04-01,69.472519,62.619999,38.072742
2014-04-02,69.843536,62.720001,38.072742
2014-04-03,70.096931,59.490002,37.97842
2014-04-04,69.961182,56.75,38.080601
2014-04-07,69.961182,56.950001,37.81337
2014-04-08,70.748497,58.189999,37.695469
2014-04-09,70.558449,62.41,38.339973
2014-04-10,69.581108,59.16,37.946983
2014-04-11,69.228188,58.529999,37.294621
2014-04-14,70.024544,58.889999,37.365356
2014-04-15,69.572044,59.09,37.546135
2014-04-16,69.879745,59.720001,38.03344
2014-04-17,70.277916,58.939999,38.418575
2014-04-21,70.22361,61.240002,38.536465
2014-04-22,70.187408,63.029999,38.544327
2014-04-23,70.621796,61.360001,38.363548
2014-04-24,70.866119,60.869999,38.81942
2014-04-25,71.14666,57.709999,39.078796
2014-04-28,72.178307,56.139999,38.544327
2014-04-29,72.096848,58.150002,39.526806
2014-04-30,72.133034,59.779999,39.786171
2014-05-01,72.124008,61.150002,39.613266
2014-05-02,71.599129,60.459999,39.98267
2014-05-05,71.14666,61.220001,39.935509
2014-05-06,70.594643,58.529999,40.179161
2014-05-07,70.986183,57.389999,40.56477
2014-05-08,71.650871,56.759998,40.373955
2014-05-09,72.115257,57.240002,40.199032
2014-05-12,72.069725,59.830002,40.310349
2014-05-13,72.060616,59.830002,40.159286
2014-05-14,71.696404,59.23,40.095676
2014-05-15,69.95726,57.919998,40.469368
2014-05-16,70.121162,58.02,40.787399
2014-05-19,69.756935,59.209999,40.835094
2014-05-20,68.91925,58.560001,40.477322
2014-05-21,68.89193,60.490002,40.922554
2014-05-22,68.64608,60.52,40.715832
2014-05-23,68.84639,61.349998,40.628376
2014-05-27,68.828178,63.48,40.310349
2014-05-28,68.77356,63.509998,40.286499
2014-05-29,69.183289,63.830002,40.270599
2014-05-30,69.902626,63.299999,40.111588
2014-06-02,69.893524,63.080002,40.214943
2014-06-03,69.847992,62.869999,40.16724
2014-06-04,70.230423,63.34,39.809452
2014-06-05,70.403442,63.189999,40.103622
2014-06-06,70.303268,62.5,40.397808
2014-06-09,70.121162,62.880001,40.421654
2014-06-10,69.766037,65.769997,40.509117
2014-06-11,69.347198,65.779999,40.437561
2014-06-12,68.955666,64.290001,40.819199
2014-06-13,68.545914,64.5,41.089527
2014-06-16,68.600533,64.190002,41.137234
2014-06-17,68.281837,64.400002,41.057716
2014-06-18,68.928352,65.599998,41.87664
2014-06-19,69.083145,64.339996,41.87664
2014-06-20,68.910141,64.5,41.964111
2014-06-23,69.010284,65.370003,42.194675
2014-06-24,69.174187,65.720001,42.01181
2014-06-25,68.855515,67.440002,41.836895
2014-06-26,68.20903,67.129997,41.94025
2014-06-27,68.600533,67.599998,41.820988
2014-06-30,68.354713,67.290001,41.94025
2014-07-01,68.545914,68.059998,42.139015
2014-07-02,68.855515,66.449997,42.441147
2014-07-03,68.973869,66.290001,42.258286
2014-07-07,69.265244,65.290001,41.836895
2014-07-08,69.793365,62.759998,41.646076
2014-07-09,70.303268,64.970001,41.59837
2014-07-10,70.166679,64.870003,41.184929
2014-07-11,69.948158,66.339996,41.033863
2014-07-14,69.702316,67.900002,41.057716
2014-07-15,69.966377,67.169998,41.105431
2014-07-16,69.984581,67.660004,41.566566
2014-07-17,69.756935,66.410004,40.445515
2014-07-18,70.193993,68.419998,40.334194
2014-07-21,69.902626,69.400002,40.326248
2014-07-22,69.784256,69.269997,40.525024
2014-07-23,70.102936,71.290001,40.699936
2014-07-24,69.520187,74.980003,40.858944
2014-07-25,69.174187,75.190002,40.48526
2014-07-28,68.937454,74.919998,40.262646
2014-07-29,68.691612,73.709999,38.942818
2014-07-30,68.090645,74.68,39.388069
2014-07-31,66.997963,72.650002,38.934875
2014-08-01,66.961563,72.360001,38.958729
2014-08-04,66.961563,73.510002,39.221088
2014-08-05,66.779442,72.690002,38.616837
2014-08-06,68.007629,72.470001,38.508194
2014-08-07,67.778488,73.169998,38.113861
2014-08-08,68.4384,73.059998,38.146049
2014-08-11,68.154274,73.440002,38.178238
2014-08-12,68.025955,72.830002,38.178238
2014-08-13,67.851807,73.769997,37.928761
2014-08-14,68.181763,74.300003,38.154091
2014-08-15,67.732666,73.629997,38.138004
2014-08-18,68.273415,74.589996,38.548431
2014-08-19,68.63089,75.290001,38.870338
2014-08-20,68.704201,74.809998,38.781826
2014-08-21,69.244972,74.57,38.846199
2014-08-22,69.409935,74.57,38.733532
2014-08-25,69.373283,75.019997,39.071533
2014-08-26,69.217468,75.959999,38.773762
2014-08-27,69.519936,74.629997,38.918625
2014-08-28,69.56575,73.860001,38.564526
2014-08-29,69.199127,74.82,38.500153
2014-09-02,69.428268,76.68,37.985096
2014-09-03,69.666588,75.830002,38.395519
2014-09-04,70.17067,75.949997,36.126072
2014-09-05,71.041389,77.260002,36.963036
2014-09-08,70.143173,77.889999,36.480179
2014-09-09,70.33564,76.669998,36.335312
2014-09-10,70.124832,77.43,37.437855
2014-09-11,69.749054,77.919998,37.212521
2014-09-12,69.446617,77.480003,36.971085
2014-09-15,69.483269,74.580002,36.930843
2014-09-16,69.950691,76.080002,37.204464
2014-09-17,69.877373,76.43,37.204464
2014-09-18,69.859055,77.0,37.357368
2014-09-19,70.427299,77.910004,37.389568
2014-09-22,69.941536,76.800003,37.123997
2014-09-23,69.290787,78.290001,36.794033
2014-09-24,70.647285,78.540001,36.625031
2014-09-25,69.767387,77.220001,35.458115
2014-09-26,70.106522,78.790001,35.699547
2014-09-29,69.730736,79.0,35.844414
2014-09-30,70.088173,79.040001,35.369598
2014-10-01,69.767387,76.550003,35.152302
2014-10-02,69.868233,77.080002,34.733826
2014-10-03,70.867249,77.440002,34.363632
2014-10-06,70.894737,77.559998,34.645298
2014-10-07,70.848915,76.290001,34.250969
2014-10-08,71.710472,77.519997,34.725784
2014-10-09,71.362175,75.910004,33.792248
2014-10-10,71.756294,72.910004,33.430103
2014-10-13,71.087212,72.989998,33.172577
2014-10-14,71.472168,73.589996,32.681667
2014-10-15,68.924171,73.209999,32.697765
2014-10-16,67.659348,72.629997,32.770191
2014-10-17,67.915985,75.949997,33.349621
2014-10-20,68.869186,76.949997,33.124287
2014-10-21,69.675735,78.690002,34.009537
2014-10-22,69.684883,78.370003,33.446194
2014-10-23,69.886528,80.040001,33.937107
2014-10-24,70.005699,80.669998,33.937107
2014-10-27,70.198151,80.279999,33.760059
2014-10-28,69.978188,80.769997,34.476295
2014-10-29,70.014862,75.860001,34.524593
2014-10-30,70.069847,74.110001,34.693592
2014-10-31,69.904869,74.989998,34.975258
2014-11-03,69.914032,73.879997,34.170483
2014-11-04,70.812256,75.760002,33.518623
2014-11-05,71.215523,74.830002,34.106529
2014-11-06,71.316338,75.260002,34.188183
2014-11-07,72.196236,75.599998,34.343323
2014-11-10,72.810318,75.0,34.180019
2014-11-11,72.416214,74.610001,34.090199
2014-11-12,72.590332,74.720001,33.624783
2014-11-13,76.018219,74.25,33.208344
2014-11-14,76.036552,74.879997,33.42881
2014-11-17,76.59565,74.239998,33.396149
2014-11-18,76.797287,74.339996,33.632942
2014-11-19,77.897148,73.330002,33.918728
2014-11-20,77.52137,73.599998,34.106529
2014-11-21,77.585518,73.75,34.637272
2014-11-24,78.272926,74.010002,34.326992
2014-11-25,77.860481,75.629997,33.943218
2014-11-26,77.887978,77.620003,33.959553
2014-11-28,80.234329,77.699997,32.106026
2014-12-01,79.024498,75.099998,32.522461
2014-12-02,79.189484,75.459999,33.249176
2014-12-03,78.286255,74.879997,33.730919
2014-12-04,78.120338,75.239998,32.979713
2014-12-05,77.530487,76.360001,32.644939
2014-12-08,77.631874,76.519997,31.738586
2014-12-09,77.014351,76.839996,31.452803
2014-12-10,76.479767,76.18,30.81591
2014-12-11,77.263191,77.730003,30.48114
2014-12-12,77.244751,77.830002,29.59111
2014-12-15,77.364586,76.989998,28.529619
2014-12-16,76.461342,74.690002,29.199175
2014-12-17,77.631874,76.110001,30.775082
2014-12-18,79.207909,78.400002,31.289501
2014-12-19,78.489014,79.879997,32.171352
2014-12-22,79.613457,81.449997,31.926388
2014-12-23,79.871513,80.610001,31.942715
2014-12-24,79.659515,80.769997,31.803913
2014-12-26,80.101921,80.779999,31.828409
2014-12-29,79.853065,80.019997,31.86924
2014-12-30,79.991333,79.220001,31.322153
2014-12-31,79.152611,78.019997,31.126184
2015-01-02,79.171036,78.449997,31.126184
2015-01-05,78.94062,77.190002,29.476801
2015-01-06,79.548912,76.150002,29.256332
2015-01-07,81.659538,76.150002,29.329817
2015-01-08,83.383064,78.18,29.991207
2015-01-09,82.350784,77.739998,29.868731
2015-01-12,82.968292,76.720001,29.435966
2015-01-13,82.313919,76.449997,29.362478
2015-01-14,79.825432,76.279999,29.125679
2015-01-15,80.535103,74.050003,29.174683
2015-01-16,79.972893,75.18,30.913893
2015-01-20,79.899162,76.239998,30.775082
2015-01-21,79.853065,76.739998,31.697763
2015-01-22,81.383034,77.650002,31.828409
2015-01-23,81.576591,77.830002,31.763083
2015-01-26,81.68718,77.5,32.595943
2015-01-27,80.673355,75.779999,32.832737
2015-01-28,80.018982,76.239998,31.746756
2015-01-29,80.84848,78.0,31.6406
2015-01-30,78.323112,75.910004,31.705925
2015-02-02,78.995926,74.989998,32.546955
2015-02-03,79.438332,75.400002,33.559448
2015-02-04,79.862282,75.629997,33.028709
2015-02-05,80.44294,75.610001,33.788094
2015-02-06,80.489029,74.470001,33.616611
2015-02-09,79.18026,74.440002,33.975887
2015-02-10,80.452148,75.190002,33.681934
2015-02-11,79.576576,76.510002,33.433353
2015-02-12,79.161819,76.230003,34.253654
2015-02-13,79.088089,75.739998,34.742527
2015-02-17,79.226334,75.599998,34.618229
2015-02-18,79.530479,76.709999,34.593376
2015-02-19,76.977478,79.419998,34.129368
2015-02-20,77.696388,79.900002,34.203941
2015-02-23,77.972862,78.839996,34.154232
2015-02-24,77.945221,78.449997,34.460804
2015-02-25,77.02356,79.559998,34.725948
2015-02-26,77.23555,80.410004,34.270226
2015-02-27,77.35537,78.970001,34.336514
2015-03-02,77.383011,79.75,34.220509
2015-03-03,76.839211,79.599998,34.585087
2015-03-04,76.111099,80.900002,34.411091
2015-03-05,77.02356,81.209999,34.121078
2015-03-06,76.120331,80.010002,33.433353
2015-03-09,76.387611,79.440002,33.375347
2015-03-10,75.641052,77.550003,32.347916
2015-03-11,74.815857,77.57,31.67676
2015-03-12,75.937767,78.93,31.618759
2015-03-13,75.937767,78.050003,31.154755
2015-03-16,77.226585,78.07,31.113323
2015-03-17,76.605362,79.360001,31.337044
2015-03-18,76.521912,80.910004,32.604771
2015-03-19,75.585434,82.75,32.289913
2015-03-20,77.180222,83.800003,33.226204
2015-03-23,77.245125,84.43,33.259357
2015-03-24,77.004051,85.309998,32.737347
2015-03-25,75.399986,82.919998,33.151642
2015-03-26,75.928497,83.010002,32.985924
2015-03-27,75.427818,83.300003,32.820206
2015-03-30,76.521912,83.199997,33.010777
2015-03-31,76.262283,82.220001,32.405914
2015-04-01,74.834396,81.669998,32.729061
2015-04-02,74.852943,81.559998,32.853344
2015-04-06,75.094009,82.440002,33.251064
2015-04-07,74.639679,82.32,33.350502
2015-04-08,75.131111,82.279999,33.781364
2015-04-09,74.954948,82.169998,34.26194
2015-04-10,74.778763,82.040001,34.419373
2015-04-13,74.444977,83.010002,34.162518
2015-04-14,74.315163,83.519997,34.634804
2015-04-15,73.935013,82.709999,35.148521
2015-04-16,73.471413,82.309998,35.256237
2015-04-17,72.210403,80.779999,35.537964
2015-04-20,72.451492,83.089996,35.479958
2015-04-21,72.34951,83.620003,35.446815
2015-04-22,72.720375,84.629997,35.827965
2015-04-23,73.415779,82.410004,36.126255
2015-04-24,74.027733,81.529999,36.010258
2015-04-27,73.591949,81.910004,35.662247
2015-04-28,73.341599,80.68,36.026825
2015-04-29,72.210403,80.470001,36.117966
2015-04-30,72.36805,78.769997,35.761673
2015-05-01,72.878006,78.989998,35.819679
2015-05-04,73.415779,78.809998,35.96883
2015-05-05,72.44223,77.559998,35.71196
2015-05-06,72.451553,78.099998,35.711964
2015-05-07,72.806122,78.43,35.148979
2015-05-08,73.272636,78.510002,35.888428
2015-05-11,72.871429,78.010002,35.779182
2015-05-12,73.673843,77.459999,35.871613
2015-05-13,72.927406,78.440002,35.938847
2015-05-14,73.449913,81.370003,36.098488
2015-05-15,73.935112,80.419998,35.97245
2015-05-18,74.56958,80.879997,35.619537
2015-05-19,71.313217,80.629997,35.148979
2015-05-20,70.818703,80.550003,35.359047
2015-05-21,71.014648,80.480003,36.048084
2015-05-22,70.781387,80.540001,35.711964
2015-05-26,69.885658,79.330002,34.980927
2015-05-27,70.15625,80.550003,35.115368
2015-05-28,69.829674,80.150002,34.9137
2015-05-29,69.297836,79.190002,34.838066
2015-06-01,69.727051,80.290001,34.409531
2015-06-02,69.540421,80.440002,34.871685
2015-06-03,69.87632,82.440002,34.644802
2015-06-04,69.185875,82.050003,34.132233
2015-06-05,68.168823,82.139999,34.081821
2015-06-08,67.748962,80.669998,34.056614
2015-06-09,67.61834,80.669998,34.073414
2015-06-10,68.047539,82.160004,34.686817
2015-06-11,68.056877,81.830002,34.804459
2015-06-12,67.581017,81.529999,34.283485
2015-06-15,67.114494,80.709999,34.384315
2015-06-16,67.506363,81.059998,34.375919
2015-06-17,67.860939,81.790001,34.628002
2015-06-18,68.0942,82.910004,34.67001
2015-06-19,67.870247,82.510002,34.577583
2015-06-22,67.916924,84.739998,34.888489
2015-06-23,67.711639,87.879997,34.905293
2015-06-24,67.534363,88.860001,35.148979
2015-06-25,67.049179,87.980003,35.19939
2015-06-26,67.291771,88.010002,34.745636
2015-06-29,66.638641,85.800003,33.871746
2015-06-30,66.181442,85.769997,33.577644
2015-07-01,67.067825,86.910004,32.997856
2015-07-02,67.049179,87.290001,34.695225
2015-07-06,67.674324,87.550003,33.535633
2015-07-07,68.849968,87.220001,33.36758
2015-07-08,68.168823,85.650002,32.897022
2015-07-09,67.907585,85.879997,32.880219
2015-07-10,68.224831,87.949997,33.527241
2015-07-13,68.933945,90.099998,33.577644
2015-07-14,68.849968,89.68,33.888557
2015-07-15,68.719345,89.760002,33.644875
2015-07-16,68.887291,90.849998,33.224735
2015-07-17,68.476753,94.970001,32.871811
2015-07-20,68.206154,97.910004,32.560909
2015-07-21,67.870247,98.389999,32.544102
2015-07-22,68.262161,97.040001,31.85508
2015-07-23,67.655663,95.440002,31.342501
2015-07-24,66.78791,96.949997,30.72909
2015-07-27,66.601303,94.169998,30.292152
2015-07-28,67.273102,95.290001,31.334095
2015-07-29,67.394409,96.989998,31.418127
2015-07-30,67.329117,95.209999,31.661808
2015-07-31,67.16114,94.010002,31.065212
2015-08-03,67.347755,94.139999,30.653473
2015-08-04,67.413071,94.059998,30.703888
2015-08-05,69.05706,96.440002,30.644081
2015-08-06,68.380676,95.120003,30.652632
2015-08-07,66.93396,94.300003,30.48177
2015-08-10,67.150024,94.150002,30.99435
2015-08-11,67.572762,93.620003,30.797861
2015-08-12,68.183403,94.190002,31.131042
2015-08-13,67.741852,93.43,30.686798
2015-08-14,67.995499,94.419998,30.558653
2015-08-17,67.553986,93.93,30.353619
2015-08-18,65.271194,95.169998,30.114414
2015-08-19,64.416298,95.309998,29.610369
2015-08-20,64.28479,90.559998,29.371166
2015-08-21,62.50927,86.059998,28.337448
2015-08-24,60.07616,82.089996,26.64592
2015-08-25,59.277657,83.0,26.235849
2015-08-26,60.902855,87.190002,26.569031
2015-08-27,62.077148,89.730003,28.217846
2015-08-28,61.006203,91.010002,28.414337
2015-08-31,60.808914,89.43,28.653543
2015-09-01,59.954041,87.230003,27.457508
2015-09-02,60.536484,89.889999,27.50877
2015-09-03,60.931038,88.150002,27.688173
2015-09-04,60.019798,88.260002,26.227306
2015-09-08,62.358955,89.529999,26.833864
2015-09-09,61.175297,90.440002,26.398165
2015-09-10,60.235874,91.980003,26.663002
2015-09-11,60.733757,92.050003,26.492144
2015-09-14,60.386166,92.309998,26.21022
2015-09-15,60.423748,92.900002,26.577574
2015-09-16,60.771343,93.449997,27.448969
2015-09-17,60.564671,94.339996,27.431881
2015-09-18,59.503117,94.400002,26.56049
2015-09-21,59.860104,95.550003,26.534855
2015-09-22,59.737972,92.959999,25.962469
2015-09-23,59.860104,93.970001,25.560946
2015-09-24,59.963432,94.410004,25.765976
2015-09-25,59.916458,92.769997,25.996643
2015-09-28,59.80373,89.209999,25.099615
2015-09-29,59.916458,86.669998,25.31319
2015-09-30,60.912243,89.900002,26.107702
2015-10-01,60.376774,90.949997,26.449425
2015-10-02,61.04377,92.07,27.782148
2015-10-05,61.879864,94.010002,28.610828
2015-10-06,61.70137,92.800003,29.311363
2015-10-07,62.340183,92.400002,30.507391
2015-10-08,62.828678,92.470001,30.720972
2015-10-09,62.650185,93.239998,30.720972
2015-10-12,62.875641,94.260002,30.21693
2015-10-13,62.687763,94.120003,29.670174
2015-10-14,56.39362,94.07,30.174212
2015-10-15,55.736027,95.959999,30.48177
2015-10-16,55.322678,97.540001,30.635546
2015-10-19,55.285103,98.470001,29.849575
2015-10-20,55.191158,97.0,29.87521
2015-10-21,55.087822,97.110001,30.020435
2015-10-22,55.332077,99.669998,30.686798
2015-10-23,54.768414,102.190002,30.515942
2015-10-26,54.505375,103.769997,29.943552
2015-10-27,53.998089,103.699997,29.747059
2015-10-28,54.148399,104.199997,30.533028
2015-10-29,54.449013,104.879997,30.507391
2015-10-30,53.772629,101.970001,30.498854
2015-11-02,54.120213,103.309998,30.99435
2015-11-03,54.58992,102.580002,31.805943
2015-11-04,54.834179,103.940002,31.571507
2015-11-05,55.059643,108.760002,30.868177
2015-11-06,55.219341,107.099998,30.50349
2015-11-09,54.946915,106.489998,30.286417
2015-11-10,55.125397,107.910004,30.190903
2015-11-11,54.092041,109.010002,29.860949
2015-11-12,53.500202,108.019997,29.088156
2015-11-13,53.0023,103.949997,28.983961
2015-11-16,54.364464,104.040001,29.939095
2015-11-17,56.290283,105.129997,29.678602
2015-11-18,57.239101,107.769997,30.477438
2015-11-19,57.023033,106.260002,30.607689
2015-11-20,56.431198,107.32,29.895681
2015-11-23,56.609692,106.949997,29.886992
2015-11-24,56.290283,105.739998,30.381926
2015-11-25,56.5909,105.410004,30.381926
2015-11-27,56.262108,105.449997,30.243004
2015-11-30,55.275711,104.239998,30.043289
2015-12-01,55.416622,107.120003,30.190903
2015-12-02,55.274525,106.07,29.366016
2015-12-03,55.928162,104.379997,28.879765
2015-12-04,56.515484,106.18,28.367466
2015-12-07,57.311207,105.610001,27.14316
2015-12-08,56.468117,106.489998,27.151842
2015-12-09,56.013416,104.599998,27.620724
2015-12-10,56.420753,105.419998,27.612041
2015-12-11,56.231293,102.120003,26.735056
2015-12-14,57.207001,104.660004,26.240122
2015-12-15,56.49654,104.550003,26.700323
2015-12-16,57.12175,106.790001,26.80452
2015-12-17,55.871319,106.220001,26.352999
2015-12-18,55.748177,104.040001,26.17934
2015-12-21,56.411278,104.769997,26.161976
2015-12-22,57.349098,105.510002,26.735056
2015-12-23,57.87011,104.629997,28.089607
2015-12-24,57.623817,105.019997,27.889898
2015-12-28,57.548031,105.93,27.533892
2015-12-29,58.362709,107.260002,27.672823
2015-12-30,58.429012,106.220001,27.186573
2015-12-31,58.069035,104.660004,27.14316
2016-01-04,58.220604,102.220001,26.969498
2016-01-05,59.603657,102.730003,26.856619
2016-01-06,60.200451,102.970001,26.309586
2016-01-07,61.60244,97.919998,25.554161
2016-01-08,60.190979,97.330002,25.102644
2016-01-11,60.835136,97.510002,25.041864
2016-01-12,60.266758,99.370003,24.876883
2016-01-13,58.656364,95.440002,24.981083
2016-01-14,59.736279,98.370003,26.769787
2016-01-15,58.665836,94.970001,25.319719
2016-01-19,59.26263,95.260002,25.111328
2016-01-20,57.633286,94.349998,24.711908
2016-01-21,58.618473,94.160004,25.580212
2016-01-22,59.38578,97.940002,26.352999
2016-01-25,60.105721,97.010002,25.588896
2016-01-26,60.626732,97.339996,26.691639
2016-01-27,60.579365,94.449997,26.639542
2016-01-28,60.835136,109.110001,27.690186
2016-01-29,62.862343,112.209999,28.106976
2016-02-01,63.942253,115.089996,27.525211
2016-02-02,63.335995,114.610001,25.19816
2016-02-03,62.777084,112.690002,25.753872
2016-02-04,62.919178,110.489998,26.578762
2016-02-05,63.468613,104.07,26.448515
2016-02-08,63.373875,99.75,25.979631
2016-02-09,62.341335,99.540001,25.137381
2016-02-10,62.322384,101.0,24.862507
2016-02-11,61.877151,101.910004,24.507833
2016-02-12,62.691837,102.010002,25.731455
2016-02-16,62.426586,101.610001,25.766918
2016-02-17,62.625515,105.199997,26.556067
2016-02-18,60.74041,103.470001,26.405329
2016-02-19,61.251949,104.57,26.378729
2016-02-22,62.170815,107.160004,26.8664
2016-02-23,62.976025,105.459999,25.713717
2016-02-24,63.582287,106.879997,25.305847
2016-02-25,64.453796,108.07,25.412249
2016-02-26,63.00444,107.919998,25.713717
2016-02-29,62.843395,106.919998,25.79352
2016-03-01,62.957069,109.82,26.272324
2016-03-02,62.720249,109.949997,26.7866
2016-03-03,62.653938,109.580002,27.371811
2016-03-04,63.260212,108.389999,27.620081
2016-03-07,64.311707,105.730003,27.93042
2016-03-08,64.453796,105.93,26.662464
2016-03-09,64.444244,107.510002,26.8664
2016-03-10,64.329735,107.32,26.449663
2016-03-11,64.1007,109.410004,27.088072
2016-03-14,64.282013,109.889999,26.556067
2016-03-15,64.978653,110.669998,26.281195
2016-03-16,64.883224,112.18,27.052605
2016-03-17,64.367905,111.019997,27.965885
2016-03-18,63.890743,111.449997,27.779678
2016-03-21,64.864151,111.849998,27.593481
2016-03-22,64.768715,112.25,27.43388
2016-03-23,64.377441,112.540001,26.777735
2016-03-24,64.892769,113.050003,26.972807
2016-03-28,65.007286,113.690002,26.972807
2016-03-29,64.921402,116.139999,26.910738
2016-03-30,65.656219,114.699997,27.425013
2016-03-31,65.360382,114.099998,26.760002
2016-04-01,65.90435,116.059998,26.219126
2016-04-04,65.942505,112.550003,26.227993
2016-04-05,65.503525,112.220001,25.651651
2016-04-06,65.885254,113.709999,25.979723
2016-04-07,65.102715,113.639999,25.828985
2016-04-08,64.950035,110.629997,26.7334
2016-04-11,64.320183,108.989998,26.875271
2016-04-12,65.656219,110.610001,27.664413
2016-04-13,65.990227,110.510002,27.824018
2016-04-14,65.656219,110.839996,27.416142
2016-04-15,65.90435,109.639999,27.176739
2016-04-18,66.667778,110.449997,27.540279
2016-04-19,66.581894,112.290001,28.160957
2016-04-20,66.047485,112.419998,28.249626
2016-04-21,65.341293,113.440002,28.143223
2016-04-22,65.57988,110.559998,28.506763
2016-04-25,66.295609,110.099998,28.187557
2016-04-26,66.133377,108.760002,29.69491
2016-04-27,66.247879,108.889999,30.005253
2016-04-28,65.761192,116.730003,29.69491
2016-04-29,63.814411,117.580002,29.774717
2016-05-02,64.501503,118.57,29.810177
2016-05-03,63.938465,117.43,28.870302
2016-05-04,64.119781,118.059998,28.382504
2016-05-05,64.138863,117.809998,28.527035
2016-05-06,65.131355,119.489998,28.527035
2016-05-09,65.79937,119.239998,28.075373
2016-05-10,65.646667,120.5,28.617367
2016-05-11,63.839447,119.519997,28.608334
2016-05-12,64.262421,120.279999,28.779966
2016-05-13,62.426353,119.809998,28.427666
2016-05-16,63.464539,118.669998,28.960634
2016-05-17,62.580151,117.349998,29.105165
2016-05-18,60.705631,117.650002,29.023865
2016-05-19,66.521439,116.809998,28.888363
2016-05-20,67.155899,117.349998,28.843199
2016-05-23,66.80983,115.970001,28.418634
2016-05-24,67.521202,117.699997,28.7619
2016-05-25,67.751907,117.889999,29.683294
2016-05-26,68.107582,119.470001,29.448425
2016-05-27,68.011452,119.379997,29.231628
2016-05-31,68.040291,118.809998,28.364435
2016-06-01,67.771126,118.779999,28.310238
2016-06-02,68.203712,118.93,28.472834
2016-06-03,68.126816,118.470001,28.798033
2016-06-06,68.299843,118.790001,29.385195
2016-06-07,68.280609,117.760002,29.87299
2016-06-08,68.520943,118.389999,30.053656
2016-06-09,68.338287,118.559998,29.84589
2016-06-10,68.38636,116.620003,29.105165
2016-06-13,67.799965,113.949997,28.779966
2016-06-14,68.203712,114.940002,27.939873
2016-06-15,68.367142,114.599998,28.138603
2016-06-16,68.540169,114.389999,28.933531
2016-06-17,68.203712,113.019997,29.583927
2016-06-20,68.347908,113.370003,30.18915
2016-06-21,68.693977,114.379997,30.848585
2016-06-22,68.972748,113.910004,30.613716
2016-06-23,69.309204,115.080002,31.282181
2016-06-24,69.174614,112.080002,29.791689
2016-06-27,68.732422,108.970001,28.897398
2016-06-28,68.74205,112.699997,30.02656
2016-06-29,69.655266,114.160004,31.426712
2016-06-30,70.193588,114.279999,32.077106
2016-07-01,69.991707,114.190002,32.519737
2016-07-05,70.308945,114.199997,32.429405
2016-07-06,70.962631,116.699997,32.131306
2016-07-07,70.683853,115.849998,31.977741
2016-07-08,70.981834,117.239998,32.447468
2016-07-11,71.193329,117.870003,32.619102
2016-07-12,70.433914,117.93,33.341766
2016-07-13,70.770363,116.779999,33.025597
2016-07-14,70.84726,117.290001,33.025597
2016-07-15,70.818428,116.860001,33.025597
2016-07-18,70.981834,119.370003,32.673302
2016-07-19,70.808823,120.610001,32.546837
2016-07-20,70.933784,121.919998,32.483601
2016-07-21,70.674232,120.610001,32.375206
2016-07-22,70.703087,121.0,32.402298
2016-07-25,70.895332,121.629997,31.526079
2016-07-26,70.876099,121.220001,31.246046
2016-07-27,70.481979,123.339996,31.227982
2016-07-28,70.405067,125.0,30.70405
2016-07-29,70.145531,123.940002,31.074415
2016-08-01,70.924171,124.309998,29.972357
2016-08-02,70.299324,123.089996,30.216251
2016-08-03,70.116684,122.510002,30.363422
2016-08-04,70.462761,124.360001,30.354231
2016-08-05,70.904945,125.150002,30.492203
2016-08-08,70.501198,125.260002,30.510601
2016-08-09,70.693466,125.059998,30.703762
2016-08-10,71.574226,124.879997,30.363422
2016-08-11,71.429047,124.900002,30.942919
2016-08-12,71.516151,124.879997,31.034901
2016-08-15,70.964462,123.900002,31.154472
2016-08-16,70.548286,123.300003,31.467216
2016-08-17,70.586998,124.370003,31.458021
2016-08-18,71.912979,123.910004,31.871944
2016-08-19,70.470848,123.559998,31.577597
2016-08-22,70.364372,124.150002,31.237261
2016-08-23,69.657837,124.370003,31.393627
2016-08-24,69.909485,123.480003,31.522409
2016-08-25,68.931931,123.889999,31.476416
2016-08-26,68.854507,124.959999,31.421228
2016-08-29,69.106148,126.540001,31.494816
2016-08-30,69.019035,125.839996,31.366032
2016-08-31,69.144859,126.120003,31.145281
2016-09-01,70.499878,126.169998,30.961311
2016-09-02,70.170815,126.510002,31.733965
2016-09-06,70.654747,129.729996,31.90873
2016-09-07,69.744949,131.050003,31.973122
2016-09-08,69.522346,130.270004,32.267464
2016-09-09,68.041489,127.099998,31.595991
2016-09-12,69.628799,128.690002,31.853544
2016-09-13,69.164215,127.209999,30.81414
2016-09-14,69.222298,127.769997,30.648571
2016-09-15,70.07402,128.350006,30.915321
2016-09-16,70.528923,129.070007,30.639374
2016-09-19,69.773987,128.649994,30.758947
2016-09-20,69.657837,128.639999,30.418617
2016-09-21,69.870773,129.940002,30.915321
2016-09-22,69.948196,130.080002,31.513205
2016-09-23,70.025627,127.959999,31.237261
2016-09-26,69.319084,127.309998,30.979713
2016-09-27,70.006271,128.690002,30.915321
2016-09-28,69.48362,129.229996,32.046711
2016-09-29,68.45768,128.089996,32.249073
2016-09-30,69.803024,128.270004,32.341049
2016-10-03,69.696556,128.770004,32.626198
2016-10-04,69.444901,128.190002,32.819355
2016-10-05,69.367477,128.470001,33.141296
2016-10-06,67.131691,128.740005,33.067715
2016-10-07,66.492889,128.990005,33.270073
2016-10-10,65.796036,130.240005,33.729988
2016-10-11,65.224976,128.880005,32.911346
2016-10-12,65.292725,129.050003,32.920544
2016-10-13,66.037987,127.82,32.819355
2016-10-14,66.250916,127.879997,32.96653
2016-10-17,66.028313,127.540001,32.653793
2016-10-18,66.65744,128.570007,33.09531
2016-10-19,66.676781,130.110001,33.159691
2016-10-20,66.521927,130.0,33.159691
2016-10-21,66.144463,132.070007,33.343658
2016-10-24,66.967155,133.279999,32.994125
2016-10-25,67.131691,132.289993,33.150501
2016-10-26,67.354294,131.039993,32.975731
2016-10-27,67.586601,129.690002,33.113705
2016-10-28,67.741455,131.289993,32.819355
2016-10-31,67.770485,130.990005,32.699776
2016-11-01,67.073616,129.5,31.375233
2016-11-02,67.218796,127.169998,31.283251
2016-11-03,67.393013,120.0,31.126881
2016-11-04,66.938126,120.75,30.850933
2016-11-07,67.538193,122.150002,31.292454
2016-11-08,67.547874,124.220001,31.348631
2016-11-09,68.815788,123.18,31.685713
2016-11-10,69.096474,120.800003,31.779343
2016-11-11,68.941628,119.019997,31.067726
2016-11-14,68.22538,115.080002,30.880459
2016-11-15,69.125511,117.199997,31.470352
2016-11-16,69.096474,116.339996,31.180088
2016-11-17,66.967155,117.790001,31.367357
2016-11-18,66.338028,117.019997,31.498442
2016-11-21,67.141373,121.769997,32.21006
2016-11-22,67.867279,121.470001,32.341148
2016-11-23,68.554459,120.839996,32.21006
2016-11-25,68.941628,120.379997,32.088341
2016-11-28,68.902901,120.410004,31.573353
2016-11-29,69.077118,120.870003,31.386086
2016-11-30,68.16732,118.419998,32.781227
2016-12-01,68.399605,115.099998,33.137039
2016-12-02,68.602852,115.400002,33.221306
2016-12-05,67.693054,117.43,33.221306
2016-12-06,68.099556,117.309998,33.305576
2016-12-07,68.820915,117.949997,33.605209
2016-12-08,68.567467,118.910004,33.886105
2016-12-09,68.314026,119.68,33.717567
2016-12-12,69.863945,117.769997,34.185738
2016-12-13,69.990677,120.309998,34.44791
2016-12-14,69.542267,120.209999,33.726933
2016-12-15,69.288826,120.57,33.567749
2016-12-16,69.191345,119.870003,34.260643
2016-12-19,69.776222,119.239998,34.232555
2016-12-20,70.010178,119.089996,34.195099
2016-12-21,69.444778,119.040001,34.438545
2016-12-22,67.836357,117.400002,34.560272
2016-12-23,67.787628,117.269997,34.663269
2016-12-27,67.943588,118.010002,34.74754
2016-12-28,67.563423,116.919998,34.878628
2016-12-29,67.514679,116.349998,35.019081
2016-12-30,67.378212,115.050003,35.000355
2017-01-03,66.929802,116.860001,35.580883
2017-01-04,67.319717,118.690002,35.852421
2017-01-05,67.465942,120.669998,36.114594
2017-01-06,66.539886,123.410004,35.496613
2017-01-09,66.978539,124.900002,34.934807
2017-01-10,66.510643,124.349998,34.74754
2017-01-11,66.803078,126.089996,35.159527
2017-01-12,66.257187,126.620003,35.356159
2017-01-13,65.438354,128.339996,35.262527
2017-01-17,66.695847,127.870003,35.056534
2017-01-18,66.393661,127.919998,34.738174
2017-01-19,65.916008,127.550003,34.550911
2017-01-20,65.487099,127.040001,34.494732
2017-01-23,64.970451,128.929993,34.288734
2017-01-24,65.701561,129.369995,34.560272
2017-01-25,65.204407,131.479996,34.672634
2017-01-26,65.048439,132.779999,34.401096
2017-01-27,64.005402,132.179993,34.251282
2017-01-30,64.746246,130.979996,33.670753
2017-01-31,65.058182,130.320007,33.689476
2017-02-01,64.561043,133.229996,33.698841
2017-02-02,65.01918,130.839996,33.511574
2017-02-03,64.824234,130.979996,33.633293
2017-02-06,64.726753,132.059998,33.539665
2017-02-07,65.204407,131.839996,32.191338
2017-02-08,66.101219,134.199997,32.238152
2017-02-09,67.339226,134.139999,32.247513
2017-02-10,66.305916,134.190002,32.331787
2017-02-13,66.062233,134.050003,32.45351
2017-02-14,66.929802,133.850006,32.378605
2017-02-15,66.959045,133.440002,32.207085
2017-02-16,67.134506,133.839996,32.092743
2017-02-17,67.62191,133.529999,31.844992
2017-02-21,69.649498,133.720001,32.235676
2017-02-22,69.902946,136.119995,31.835466
2017-02-23,69.513023,135.360001,32.264256
2017-02-24,70.565811,135.440002,31.921227
2017-02-27,69.932182,136.410004,32.378605
2017-02-28,69.142593,135.539993,32.32143
2017-03-01,68.674698,137.419998,32.616821
2017-03-02,68.976883,136.759995,32.512001
2017-03-03,68.265274,137.169998,32.483421
2017-03-06,68.119057,137.419998,32.369076
2017-03-07,68.109314,137.300003,32.273788
2017-03-08,68.541374,137.720001,31.740181
2017-03-09,68.600288,138.240005,31.921227
2017-03-10,68.835968,138.789993,32.712112
2017-03-13,68.68866,139.600006,32.464363
2017-03-14,69.444778,139.320007,31.854523
2017-03-15,69.307304,139.720001,32.188026
2017-03-16,69.16983,139.990005,32.416718
2017-03-17,68.629753,139.839996,32.664463
2017-03-20,68.718132,139.940002,32.578705
2017-03-21,68.639572,138.509995,32.626354
2017-03-22,68.983261,139.589996,32.388134
2017-03-23,68.600288,139.529999,32.454834
2017-03-24,68.354797,140.339996,32.188026
2017-03-27,68.4039,140.320007,32.159443
2017-03-28,69.051994,141.759995,32.32143
2017-03-29,69.464424,142.649994,32.8074
2017-03-30,70.299088,142.410004,32.893154
2017-03-31,70.780266,142.050003,32.893154
2017-04-03,70.534767,142.279999,32.778809
2017-04-04,70.711525,141.729996,33.150429
2017-04-05,70.358017,141.850006,32.959858
2017-04-06,70.141983,141.169998,33.093258
2017-04-07,71.585472,140.779999,33.2076
2017-04-10,71.742584,141.039993,33.436291
2017-04-11,72.105919,139.919998,33.703098
2017-04-12,72.115738,139.580002,33.779327
2017-04-13,71.830971,139.389999,33.341003
2017-04-17,72.164833,141.419998,33.37912
2017-04-18,72.557625,140.960007,33.036083
2017-04-19,72.734375,142.270004,32.531063
2017-04-20,73.451218,143.800003,32.540592
2017-04-21,73.588692,143.679993,32.397659
2017-04-24,73.431572,145.470001,32.826454
2017-04-25,73.696716,146.490005,33.026558
2017-04-26,74.069847,146.559998,33.026558
2017-04-27,74.079674,147.699997,32.778809
2017-04-28,73.824364,150.25,32.702579
2017-05-01,73.873466,152.460007,32.702579
2017-05-02,74.158226,152.779999,33.112312
2017-05-03,74.393906,151.800003,33.055141
2017-05-04,74.963448,150.850006,32.702579
2017-05-05,75.120552,150.240005,33.636395
2017-05-08,74.747414,151.059998,33.760269
2017-05-09,75.336594,150.479996,33.684036
2017-05-10,75.820976,150.289993,33.936062
2017-05-11,75.257507,150.039993,34.129929
2017-05-12,74.842323,150.330002,34.304409
2017-05-15,75.41568,150.190002,34.61459
2017-05-16,74.249199,149.779999,35.128334
2017-05-17,74.259079,144.850006,35.060478
2017-05-18,76.651352,147.660004,35.390049
2017-05-19,77.867249,148.059998,35.806858
2017-05-22,77.649773,148.240005,35.826248
2017-05-23,77.590454,148.070007,35.797169
2017-05-24,77.254356,150.039993,35.768089
2017-05-25,77.412521,151.960007,35.283424
2017-05-26,77.234581,152.130005,35.293118
2017-05-30,77.254356,152.380005,35.157413
2017-05-31,77.699196,151.460007,35.041096
2017-06-01,78.895332,151.529999,35.128334
2017-06-02,78.70752,153.610001,34.808453
2017-06-05,79.340179,153.630005,34.973244
2017-06-06,78.025421,152.809998,35.128334
2017-06-07,78.242905,153.119995,34.333485
2017-06-08,78.025421,154.710007,34.323795
2017-06-09,78.509796,149.600006,34.730911
2017-06-12,78.331863,148.440002,34.711525
2017-06-13,78.608658,150.679993,34.924774
2017-06-14,78.984299,150.25,34.285019
2017-06-15,78.005646,149.800003,34.159008
2017-06-16,74.377708,150.639999,34.895695
2017-06-19,74.634727,152.869995,34.934471
2017-06-20,74.674271,152.25,33.906986
2017-06-21,75.366249,153.910004,33.587109
2017-06-22,74.654495,153.399994,33.538639
2017-06-23,73.982292,155.070007,33.771278
2017-06-26,74.634727,153.589996,33.810051
2017-06-27,75.138885,150.580002,34.07177
2017-06-28,75.633156,153.240005,34.188087
2017-06-29,75.059799,151.039993,33.790665
2017-06-30,74.812668,150.979996,33.587109
2017-07-03,74.496338,148.429993,33.945755
2017-07-05,74.456795,150.339996,33.364159
2017-07-06,74.605072,148.820007,33.383545
2017-07-07,74.466675,151.440002,33.306
2017-07-10,72.390747,153.5,33.276928
2017-07-11,72.627991,155.270004,33.306
2017-07-12,73.092606,158.899994,33.800358
2017-07-13,74.189888,159.259995,33.654961
2017-07-14,75.465096,159.970001,33.877907
2017-07-17,75.494759,159.729996,33.848824
2017-07-18,75.326706,162.860001,33.761585
2017-07-19,75.000488,164.139999,33.955448
2017-07-20,75.148766,164.529999,34.0233
2017-07-21,75.277283,164.429993,33.616188
2017-07-24,76.008797,166.0,33.402935
2017-07-25,77.620117,165.279999,33.829441
2017-07-26,77.995758,165.610001,33.771278
2017-07-27,78.865669,170.440002,33.916679
2017-07-28,78.895332,172.449997,34.081463
2017-07-31,79.073265,169.25,34.062077
2017-08-01,79.577431,169.860001,35.157413
2017-08-02,79.607079,169.300003,35.283424
2017-08-03,79.943184,168.589996,35.031399
2017-08-04,79.557655,169.619995,35.215576
2017-08-07,80.348488,171.979996,35.622688
2017-08-08,80.65493,171.229996,35.419132
2017-08-09,81.182152,171.179993,35.635941
2017-08-10,80.237137,167.399994,34.955944
2017-08-11,79.9785,168.080002,34.43362
2017-08-14,80.276917,170.75,34.177391
2017-08-15,80.34655,171.0,34.068985
2017-08-16,80.555458,170.0,33.793045
2017-08-17,79.282166,166.910004,33.605797
2017-08-18,78.894211,167.410004,33.664928
2017-08-21,79.292114,167.779999,33.507248
2017-08-22,79.600487,169.639999,33.655075
2017-08-23,79.540802,168.710007,33.743771
2017-08-24,77.929291,167.740005,33.684639
2017-08-25,78.217773,166.320007,34.039421
2017-08-28,77.620918,167.240005,33.970436
2017-08-29,78.35704,168.050003,33.871883
2017-08-30,78.12825,169.919998,33.871883
2017-08-31,77.660713,171.970001,34.226665
2017-09-01,77.959145,172.020004,34.266087
2017-09-05,79.381645,170.720001,34.443478
2017-09-06,79.660179,172.089996,34.808117
2017-09-07,79.699966,173.210007,34.985508
2017-09-08,78.466461,170.949997,34.808117
2017-09-11,78.665421,173.509995,35.04464
2017-09-12,79.192635,172.960007,35.231884
2017-09-13,79.44133,173.050003,35.468407
2017-09-14,79.262268,170.960007,35.803482
2017-09-15,79.958595,171.639999,36.049858
2017-09-18,79.580597,170.009995,36.118843
2017-09-19,79.630333,172.520004,36.414494
2017-09-20,80.077972,172.169998,36.690434
2017-09-21,79.590546,171.110001,37.153625
2017-09-22,79.113052,170.539993,37.271885
2017-09-25,78.735054,162.869995,37.685799
2017-09-26,78.973793,164.210007,37.321159
2017-09-27,78.874313,167.679993,37.468987
2017-09-28,78.536095,168.729996,37.863186
2017-09-29,77.730347,170.869995,37.873043
2017-10-02,78.038719,169.470001,37.833622
2017-10-03,78.80468,169.960007,38.13913
2017-10-04,78.675362,168.419998,38.089855
2017-10-05,78.99369,171.240005,38.050434
2017-10-06,78.585838,172.229996,37.705505
2017-10-09,80.107811,172.5,37.902607
2017-10-10,83.688942,171.589996,38.24754
2017-10-11,85.280556,172.740005,38.286957
2017-10-12,85.648613,172.550003,38.444637
2017-10-13,86.165894,173.740005,38.533333
2017-10-16,85.290497,174.520004,38.622028
2017-10-17,85.529243,176.110001,38.129272
2017-10-18,85.767982,176.029999,38.15884
2017-10-19,85.947044,174.559998,38.188404
2017-10-20,86.98159,174.979996,38.188404
2017-10-23,88.185249,171.270004,38.227829
2017-10-24,87.518761,171.800003,38.434784
2017-10-25,88.016136,170.600006,38.227829
2017-10-26,88.155403,170.630005,38.089855
2017-10-27,87.707756,177.880005,38.533333
2017-10-30,86.494156,179.869995,39.045795
2017-10-31,86.852264,180.059998,40.080578
2017-11-01,87.478966,182.660004,40.169273
2017-11-02,88.334465,178.919998,40.080578
2017-11-03,89.209846,178.919998,39.972176
2017-11-06,88.234978,180.169998,40.809856
2017-11-07,88.483665,180.25,40.878841
2017-11-08,89.786804,179.559998,40.800003
2017-11-09,89.826599,179.300003,40.720001
2017-11-10,90.443344,178.460007,40.299999
2017-11-13,90.512978,178.770004,39.880001
2017-11-14,90.61245,178.070007,39.610001
2017-11-15,89.359062,177.949997,39.09
2017-11-16,99.097733,179.589996,38.77
2017-11-17,96.959007,179.0,39.09
2017-11-20,96.968956,178.740005,39.0
2017-11-21,96.013985,181.860001,39.130001
2017-11-22,95.904564,180.869995,39.779999
2017-11-24,96.113464,182.779999,40.049999
2017-11-27,96.113464,183.029999,39.509998
2017-11-28,96.262672,182.419998,39.900002
2017-11-29,97.048531,175.130005,39.709999
2017-11-30,96.720268,177.179993,40.07
2017-12-01,96.83963,175.100006,39.950001
2017-12-04,96.501419,171.470001,39.91
2017-12-05,97.317123,172.830002,39.73
2017-12-06,96.769997,176.059998,39.580002
2017-12-07,96.779999,180.139999,39.310001
2017-12-08,96.550003,179.0,39.639999
2017-12-11,96.93,179.039993,39.93
2017-12-12,96.699997,176.960007,40.66
