Date,PG,BEI.DE
2007-01-03,46.849339,40.840446
2007-01-04,46.493664,41.108604
2007-01-05,46.094406,40.263515
2007-01-08,46.196045,40.271648
2007-01-09,46.079914,39.361546
2007-01-10,46.631596,38.865875
2007-01-11,46.92194,39.158401
2007-01-12,47.183273,39.524071
2007-01-16,47.183273,40.50729
2007-01-17,47.671959,38.849621
2007-01-18,47.803234,39.280285
2007-01-19,48.204388,39.199036
2007-01-22,47.934513,39.166531
2007-01-23,47.876171,39.207157
2007-01-24,47.781353,39.735336
2007-01-25,47.351017,38.963387
2007-01-26,47.307255,38.9715
2007-01-29,47.321846,39.483437
2007-01-30,47.110332,40.531666
2007-01-31,47.314545,41.888683
2007-02-01,47.657349,41.43364
2007-02-02,47.657349,41.726166
2007-02-05,47.518784,41.766804
2007-02-06,47.110332,41.563648
2007-02-07,47.030094,41.547401
2007-02-08,47.110332,41.108604
2007-02-09,46.993633,41.18174
2007-02-12,46.796696,41.141106
2007-02-13,47.197849,41.197979
2007-02-14,47.321846,41.734299
2007-02-15,47.402065,41.945568
2007-02-16,47.460426,41.563648
2007-02-20,47.321846,41.709927
2007-02-21,47.183273,41.604279
2007-02-22,47.197849,41.961811
2007-02-23,47.278088,42.457497
2007-02-26,47.000916,42.075581
2007-02-27,44.67421,40.50729
2007-02-28,46.308002,39.816597
2007-03-01,46.446594,39.04464
2007-03-02,46.067329,39.459057
2007-03-05,45.797451,39.199036
2007-03-06,45.906857,39.158401
2007-03-07,45.279591,39.751591
2007-03-08,45.447346,40.23914
2007-03-09,45.337936,40.767319
2007-03-12,45.286888,40.255394
2007-03-13,44.615868,40.182262
2007-03-14,44.754452,39.402176
2007-03-15,45.155602,40.100998
2007-03-16,44.936779,39.654083
2007-03-19,45.20665,40.271648
2007-03-20,45.425465,40.95422
2007-03-21,45.921436,40.905453
2007-03-22,46.57058,41.27924
2007-03-23,46.534115,41.230495
2007-03-26,46.607059,40.775448
2007-03-27,46.147549,41.11673
2007-03-28,45.957909,40.539791
2007-03-29,46.140251,41.328007
2007-03-30,46.067329,41.482391
2007-04-02,45.965206,41.685535
2007-04-03,45.877678,42.164963
2007-04-04,45.987095,42.595634
2007-04-05,45.950626,42.733776
2007-04-09,46.140251,
2007-04-10,46.103786,43.554482
2007-04-11,45.979786,43.310707
2007-04-12,46.329906,43.261951
2007-04-13,46.227776,43.586983
2007-04-16,46.483055,43.879509
2007-04-17,46.607059,43.497604
2007-04-18,46.504944,43.952648
2007-04-19,46.40284,43.521976
2007-04-20,46.534115,43.968899
2007-04-23,46.410126,44.31831
2007-04-24,46.483055,43.440712
2007-04-25,46.593071,43.838886
2007-04-26,46.197037,43.912014
2007-04-27,46.189705,43.788769
2007-04-30,47.23114,43.591553
2007-05-01,46.175026,
2007-05-02,45.742325,44.700855
2007-05-03,45.470963,43.731243
2007-05-04,45.771652,44.092793
2007-05-07,45.602978,44.405048
2007-05-08,45.287613,43.706585
2007-05-09,45.478294,43.336823
2007-05-10,45.096931,43.484734
2007-05-11,45.214283,43.320393
2007-05-14,45.265621,43.295734
2007-05-15,45.522293,43.435421
2007-05-16,46.439064,43.386127
2007-05-17,46.475731,43.640862
2007-05-18,46.556404,43.838066
2007-05-21,46.402382,43.903801
2007-05-22,46.20438,43.846283
2007-05-23,46.277699,43.624424
2007-05-24,46.109016,43.041016
2007-05-25,46.175026,43.10675
2007-05-29,46.68108,43.501163
2007-05-30,46.827759,43.008144
2007-05-31,46.607746,43.887367
2007-06-01,46.556404,44.372181
2007-06-04,46.343723,44.290005
2007-06-05,46.541737,45.185669
2007-06-06,46.343723,43.698372
2007-06-07,45.705669,42.769844
2007-06-08,46.255707,42.712322
2007-06-11,46.241039,43.501163
2007-06-12,45.58831,43.246437
2007-06-13,45.742325,42.59729
2007-06-14,45.778996,43.476513
2007-06-15,45.889008,44.881634
2007-06-18,45.302288,44.561169
2007-06-19,45.338951,43.813412
2007-06-20,45.426964,44.232487
2007-06-21,45.382965,43.706585
2007-06-22,44.75956,43.788769
2007-06-25,44.796238,44.117447
2007-06-26,44.876911,43.221779
2007-06-27,45.052917,42.539776
2007-06-28,45.001591,43.10675
2007-06-29,44.876911,43.418995
2007-07-02,45.280281,42.827366
2007-07-03,45.316952,43.386127
2007-07-05,45.228935,45.177444
2007-07-06,45.0896,45.834812
2007-07-09,45.118927,46.2621
2007-07-10,44.75956,45.777294
2007-07-11,45.148273,45.202099
2007-07-12,46.153023,46.245663
2007-07-13,45.955013,45.103497
2007-07-16,46.314377,45.645821
2007-07-17,45.969681,45.15279
2007-07-18,46.161442,44.59404
2007-07-19,46.308945,44.840542
2007-07-20,45.836926,44.487206
2007-07-23,46.714584,44.380383
2007-07-24,46.434322,43.673729
2007-07-25,46.44907,43.829597
2007-07-26,46.139305,42.029408
2007-07-27,46.331062,42.487789
2007-07-30,46.662956,41.812717
2007-07-31,45.623051,42.754482
2007-08-01,46.581825,41.879395
2007-08-02,46.685078,42.012745
2007-08-03,46.37532,40.93763
2007-08-06,47.938869,40.762608
2007-08-07,48.108501,40.070866
2007-08-08,48.056866,41.587704
2007-08-09,47.916737,41.270992
2007-08-10,48.226494,40.87096
2007-08-13,47.407845,42.679474
2007-08-14,46.994846,42.829494
2007-08-15,46.817837,42.65448
2007-08-16,47.223465,41.079304
2007-08-17,48.196995,40.862625
2007-08-20,47.946251,40.479248
2007-08-21,47.5406,40.312557
2007-08-22,47.747101,40.137543
2007-08-23,47.968369,40.50425
2007-08-24,48.624752,40.345898
2007-08-27,48.108501,40.50425
2007-08-28,47.717602,40.062538
2007-08-29,48.02737,39.587486
2007-08-30,47.946251,40.279221
2007-08-31,48.1675,41.062641
2007-09-04,48.270737,41.621029
2007-09-05,48.278122,40.545925
2007-09-06,48.757492,40.10421
2007-09-07,48.285511,39.620823
2007-09-10,48.602646,39.562489
2007-09-11,49.406528,40.062538
2007-09-12,49.642525,40.245895
2007-09-13,49.753166,41.746052
2007-09-14,50.011288,42.262768
2007-09-17,50.114548,42.171089
2007-09-18,50.652939,42.862835
2007-09-19,50.734081,43.812923
2007-09-20,50.874195,43.137852
2007-09-21,51.176575,43.34621
2007-09-24,51.478951,43.287876
2007-09-25,51.515839,42.821167
2007-09-26,52.00259,43.604572
2007-09-27,51.700218,43.887939
2007-09-28,51.877213,43.771255
2007-10-01,52.297611,43.662914
2007-10-02,52.164856,44.171299
2007-10-03,51.928848,45.238071
2007-10-04,52.238617,45.063061
2007-10-05,52.238617,45.80481
2007-10-08,52.150105,45.604782
2007-10-09,52.422981,45.938148
2007-10-10,52.659004,45.679798
2007-10-11,52.931873,46.529888
2007-10-12,52.880253,46.996601
2007-10-15,52.363995,46.846584
2007-10-16,52.231236,45.613121
2007-10-17,52.320168,46.338196
2007-10-18,52.549953,45.463108
2007-10-19,52.475834,45.163071
2007-10-22,52.66853,44.521339
2007-10-23,52.81678,45.096394
2007-10-24,52.905704,44.58802
2007-10-25,52.883469,45.963154
2007-10-26,53.179939,46.046501
2007-10-29,53.239243,45.888153
2007-10-30,51.104633,44.95472
2007-10-31,51.527111,45.596447
2007-11-01,50.837807,44.888046
2007-11-02,51.549351,44.613014
2007-11-05,52.016304,43.646252
2007-11-06,52.231236,44.046291
2007-11-07,51.452984,43.287876
2007-11-08,52.505474,42.004406
2007-11-09,52.194176,42.162766
2007-11-12,52.453594,41.954399
2007-11-13,53.046535,42.696148
2007-11-14,53.024303,43.237869
2007-11-15,53.239243,42.712818
2007-11-16,54.247257,43.70459
2007-11-19,53.973034,43.404549
2007-11-20,54.262085,44.204636
2007-11-21,53.557961,42.996181
2007-11-23,54.002682,44.754696
2007-11-26,53.506069,44.054626
2007-11-27,54.202782,44.012951
2007-11-28,54.780914,45.554779
2007-11-29,54.958794,45.846481
2007-11-30,54.847618,45.846481
2007-12-03,54.49184,45.838146
2007-12-04,54.321388,45.396435
2007-12-05,54.706783,45.879814
2007-12-06,54.981026,44.938046
2007-12-07,54.936565,44.613014
2007-12-10,55.09222,45.254745
2007-12-11,54.729004,44.346321
2007-12-12,55.344208,44.162968
2007-12-13,55.144096,43.779591
2007-12-14,54.773491,44.146297
2007-12-17,54.284321,43.94627
2007-12-18,53.987843,44.337982
2007-12-19,54.091621,44.196304
2007-12-20,54.247257,44.179634
2007-12-21,54.906914,44.154636
2007-12-24,54.803139,
2007-12-26,54.877262,
2007-12-27,54.766079,44.171299
2007-12-28,55.032906,44.171299
2007-12-31,54.417721,
2008-01-02,53.595009,43.662914
2008-01-03,53.595009,42.65448
2008-01-04,53.380077,42.521133
2008-01-07,53.728439,42.629475
2008-01-08,53.869247,42.462795
2008-01-09,53.765488,41.462681
2008-01-10,53.721012,41.104305
2008-01-11,52.016304,39.029099
2008-01-14,52.097839,40.645927
2008-01-15,51.660522,40.429249
2008-01-16,51.280605,40.579254
2008-01-17,50.707016,41.229328
2008-01-18,50.021698,41.454346
2008-01-22,48.516937,39.512482
2008-01-23,49.343811,39.095772
2008-01-24,49.276779,41.304333
2008-01-25,48.651028,42.212761
2008-01-28,48.63612,41.862724
2008-01-29,48.181736,41.921059
2008-01-30,48.487137,41.11264
2008-01-31,48.732979,42.962837
2008-02-01,49.202293,42.704483
2008-02-04,49.276779,42.671143
2008-02-05,48.449909,41.571026
2008-02-06,48.651028,42.337772
2008-02-07,48.993702,42.304436
2008-02-08,48.435005,42.804489
2008-02-11,49.165024,42.20443
2008-02-12,50.029156,43.304543
2008-02-13,49.909946,43.746262
2008-02-14,49.634335,43.504566
2008-02-15,49.3885,43.262875
2008-02-19,49.395954,43.029518
2008-02-20,49.291664,43.004517
2008-02-21,49.135227,43.079514
2008-02-22,49.321457,43.096188
2008-02-25,49.67157,43.637913
2008-02-26,50.416496,43.746262
2008-02-27,50.066395,44.271309
2008-02-28,49.887604,43.779591
2008-02-29,49.299114,44.129631
2008-03-03,49.425755,44.471333
2008-03-04,49.202293,43.412884
2008-03-05,49.68647,43.896271
2008-03-06,49.54493,43.504566
2008-03-07,49.016048,43.404549
2008-03-10,48.986248,42.704483
2008-03-11,49.656677,43.629585
2008-03-12,49.939751,43.329544
2008-03-13,50.178131,43.046192
2008-03-14,49.716278,43.354549
2008-03-17,49.947193,42.179424
2008-03-18,51.057137,43.296211
2008-03-19,50.513325,43.596237
2008-03-20,51.675415,43.754589
2008-03-24,52.122375,
2008-03-25,51.802059,43.996284
2008-03-26,51.876549,43.479565
2008-03-27,51.705227,44.22131
2008-03-28,51.72757,43.4879
2008-03-31,52.196869,44.412991
2008-04-01,52.993938,44.604679
2008-04-02,52.502277,44.496334
2008-04-03,52.49485,43.921276
2008-04-04,52.591679,43.912937
2008-04-07,52.524643,43.812923
2008-04-08,52.628918,43.062851
2008-04-09,52.301155,42.462795
2008-04-10,52.278824,43.21286
2008-04-11,52.144726,42.504463
2008-04-14,52.234119,42.504463
2008-04-15,52.316051,42.904499
2008-04-16,51.896511,42.412777
2008-04-17,50.615387,42.379436
2008-04-18,50.323208,42.637806
2008-04-21,50.795193,42.329445
2008-04-22,50.547958,42.504463
2008-04-23,50.323208,41.837723
2008-04-24,50.068478,42.562801
2008-04-25,49.858727,43.504566
2008-04-28,49.603981,43.78793
2008-04-29,49.371735,44.546341
2008-04-30,50.233315,45.579777
2008-05-01,50.218327,
2008-05-02,50.046005,45.123901
2008-05-05,49.93364,45.166119
2008-05-06,49.93364,42.802277
2008-05-07,49.296822,42.852924
2008-05-08,49.386719,43.781574
2008-05-09,48.85479,43.908218
2008-05-12,48.959679,44.338772
2008-05-13,49.244381,44.16148
2008-05-14,49.072052,43.781574
2008-05-15,49.71637,43.553638
2008-05-16,50.008545,43.308811
2008-05-19,50.090954,43.57053
2008-05-20,49.341763,43.106194
2008-05-21,48.824814,42.734745
2008-05-22,49.161972,43.072426
2008-05-23,48.899746,42.211315
2008-05-27,48.749908,42.042477
2008-05-28,48.600063,42.743179
2008-05-29,49.049591,42.954239
2008-05-30,49.484112,42.776951
2008-06-02,48.967175,42.211315
2008-06-03,49.004616,43.342583
2008-06-04,49.783783,42.717857
2008-06-05,49.948616,43.182178
2008-06-06,48.97467,42.65876
2008-06-09,49.499104,42.211315
2008-06-10,49.941116,42.321068
2008-06-11,49.596489,42.076241
2008-06-12,49.791279,42.008701
2008-06-13,49.783783,41.333321
2008-06-16,49.371735,40.82679
2008-06-17,49.296822,41.248905
2008-06-18,48.69746,41.333321
2008-06-19,48.622536,41.1898
2008-06-20,47.318951,40.944981
2008-06-23,47.146629,40.919651
2008-06-24,47.094189,40.522869
2008-06-25,47.566181,41.156036
2008-06-26,46.637184,40.218945
2008-06-27,45.318611,39.045467
2008-06-30,45.558361,39.484467
2008-07-01,46.434895,39.231201
2008-07-02,46.966835,37.779129
2008-07-03,47.701019,37.492092
2008-07-07,47.13166,37.044647
2008-07-08,47.693554,37.129082
2008-07-09,47.798435,37.095306
2008-07-10,48.113098,35.786758
2008-07-11,47.536224,34.92564
2008-07-14,47.895832,34.959415
2008-07-15,48.210491,35.305546
2008-07-16,48.165249,34.697704
2008-07-17,48.165249,35.153587
2008-07-18,47.999405,33.422928
2008-07-21,47.976791,34.013882
2008-07-22,48.323566,33.777496
2008-07-23,48.775898,35.128254
2008-07-24,48.632656,34.858109
2008-07-25,48.594967,34.511978
2008-07-28,48.120026,34.73148
2008-07-29,49.409161,34.368454
2008-07-30,50.185654,35.330868
2008-07-31,49.363926,35.035393
2008-08-01,48.964371,34.76524
2008-08-04,49.620243,34.76524
2008-08-05,51.241066,33.380714
2008-08-06,51.090298,33.034584
2008-08-07,50.87167,31.894871
2008-08-08,52.492504,31.886429
2008-08-11,52.34174,32.941711
2008-08-12,53.027748,34.511978
2008-08-13,52.469883,33.701515
2008-08-14,52.552814,33.482021
2008-08-15,53.977654,34.376904
2008-08-18,53.728855,33.946342
2008-08-19,53.31424,33.397594
2008-08-20,52.997604,33.473579
2008-08-21,52.69606,32.637791
2008-08-22,53.985188,32.899502
2008-08-25,52.86945,32.578701
2008-08-26,52.650806,32.553368
2008-08-27,52.816689,32.604019
2008-08-28,53.53286,32.713776
2008-08-29,52.598057,33.473579
2008-09-02,53.125774,34.047649
2008-09-03,53.841938,34.275585
2008-09-04,53.103157,33.937904
2008-09-05,53.359463,33.777496
2008-09-08,54.558128,34.824345
2008-09-09,54.19627,34.790573
2008-09-10,54.573219,34.300922
2008-09-11,55.093403,34.326244
2008-09-12,55.146168,34.824345
2008-09-15,54.384747,34.064533
2008-09-16,54.279198,34.976303
2008-09-17,53.48008,34.613289
2008-09-18,53.759026,35.491276
2008-09-19,53.042831,37.627167
2008-09-22,51.293846,36.141338
2008-09-23,50.720898,35.339317
2008-09-24,51.821564,35.42374
2008-09-25,51.648163,36.757618
2008-09-26,51.896946,35.778313
2008-09-29,50.321342,35.786758
2008-09-30,52.537746,37.829792
2008-10-01,53.728855,37.559635
2008-10-02,53.85704,37.145966
2008-10-03,53.54039,35.786758
2008-10-06,51.700932,34.19117
2008-10-07,49.944405,34.047649
2008-10-08,49.831322,32.604019
2008-10-09,45.89608,32.578701
2008-10-10,44.90097,31.236374
2008-10-13,47.712929,33.439808
2008-10-14,48.323566,33.659306
2008-10-15,45.09697,32.663116
2008-10-16,46.567028,31.472761
2008-10-17,46.544426,32.688446
2008-10-20,48.18034,33.085232
2008-10-21,47.464146,33.270962
2008-10-22,44.581093,31.388336
2008-10-23,45.954346,32.629353
2008-10-24,44.664555,32.460514
2008-10-27,43.526508,31.658491
2008-10-28,47.972477,32.865738
2008-10-29,46.272995,34.799011
2008-10-30,47.858662,35.879623
2008-10-31,48.96637,34.697704
2008-11-03,48.860161,35.584141
2008-11-04,50.127182,38.201241
2008-11-05,48.412518,37.542747
2008-11-06,48.063515,37.145966
2008-11-07,48.928432,37.85511
2008-11-10,49.277435,36.968681
2008-11-11,48.420101,36.116009
2008-11-12,46.925488,35.347752
2008-11-13,49.353306,35.584141
2008-11-14,47.881424,36.183544
2008-11-17,47.426208,36.234192
2008-11-18,48.746346,36.090683
2008-11-19,47.244129,35.626358
2008-11-20,45.013561,34.258709
2008-11-21,47.866261,33.937904
2008-11-24,49.07259,35.736103
2008-11-25,47.934536,36.386162
2008-11-26,47.919369,35.752987
2008-11-28,48.82222,36.72385
2008-12-01,45.89365,35.736103
2008-12-02,46.61441,35.364643
2008-12-03,47.706932,36.909576
2008-12-04,46.470249,36.656307
2008-12-05,47.517258,34.799011
2008-12-08,47.411041,35.719215
2008-12-09,45.36256,36.090683
2008-12-10,44.854233,36.462135
2008-12-11,44.444538,34.630173
2008-12-12,44.717667,34.056091
2008-12-15,45.036327,34.385342
2008-12-16,46.750977,34.571075
2008-12-17,46.052967,34.250263
2008-12-18,45.757084,35.195797
2008-12-19,45.658451,33.625538
2008-12-22,45.870876,33.726849
2008-12-23,45.392902,34.647053
2008-12-24,45.817776,
2008-12-26,45.923996,
2008-12-29,45.67363,35.23801
2008-12-30,46.37162,35.457508
2008-12-31,46.902714,
2009-01-02,47.646248,35.685452
2009-01-05,47.304821,36.791382
2009-01-06,47.168251,37.272598
2009-01-07,46.341282,36.293297
2009-01-08,45.832951,34.950974
2009-01-09,45.415672,34.49509
2009-01-12,45.476357,33.963226
2009-01-13,45.119766,34.258709
2009-01-14,43.898258,34.022324
2009-01-15,43.594788,33.937904
2009-01-16,43.799644,33.524223
2009-01-20,43.572029,34.17429
2009-01-21,43.984596,34.537304
2009-01-22,43.518555,33.802822
2009-01-23,42.785088,32.50272
2009-01-26,43.067776,33.254082
2009-01-27,43.319893,33.549561
2009-01-28,44.450657,33.431362
2009-01-29,44.481216,33.034584
2009-01-30,41.639061,32.418293
2009-02-02,40.531239,32.300095
2009-02-03,41.188286,32.401409
2009-02-04,40.126305,31.135073
2009-02-05,40.737503,30.012253
2009-02-06,41.257034,30.029139
2009-02-09,40.447189,30.772055
2009-02-10,39.308788,30.054461
2009-02-11,39.087231,30.729841
2009-02-12,39.178917,30.012253
2009-02-13,39.033752,29.826517
2009-02-17,38.285007,29.547922
2009-02-18,38.926788,29.556368
2009-02-19,39.06432,29.531034
2009-02-20,38.391975,28.779676
2009-02-23,37.360554,28.441984
2009-02-24,38.025246,28.695255
2009-02-25,38.139843,28.720579
2009-02-26,37.414032,28.458872
2009-02-27,36.802818,27.85103
2009-03-02,35.809597,27.352936
2009-03-03,35.626228,26.880165
2009-03-04,36.14576,27.395149
2009-03-05,34.686481,26.491825
2009-03-06,34.923321,25.934635
2009-03-09,33.754387,25.605387
2009-03-10,34.510765,25.495636
2009-03-11,34.434353,26.103479
2009-03-12,34.976814,26.956148
2009-03-13,35.87072,27.251629
2009-03-16,36.535419,27.530224
2009-03-17,36.657646,27.606205
2009-03-18,36.688213,27.85103
2009-03-19,35.381741,27.023682
2009-03-20,34.831654,26.297649
2009-03-23,36.474297,26.922382
2009-03-24,35.962379,27.488014
2009-03-25,36.718765,28.239374
2009-03-26,37.25359,28.391336
2009-03-27,37.108418,28.188717
2009-03-30,36.122829,28.062086
2009-03-31,35.977665,28.526409
2009-04-01,36.833378,28.686813
2009-04-02,37.757839,28.889431
2009-04-03,37.918293,28.948523
2009-04-06,37.933552,28.695255
2009-04-07,37.192463,28.965405
2009-04-08,37.032021,28.914753
2009-04-09,37.582115,28.653044
2009-04-13,36.703491,
2009-04-14,36.099915,28.163391
2009-04-15,37.245937,28.762794
2009-04-16,38.529495,28.982292
2009-04-17,39.469242,26.491825
2009-04-20,38.758701,25.588499
2009-04-21,39.247673,25.411215
2009-04-22,38.222748,25.217043
2009-04-23,38.006985,24.339046
2009-04-24,38.1534,25.166388
2009-04-27,38.507877,25.115736
2009-04-28,38.29211,25.816442
2009-04-29,38.854668,25.84177
2009-04-30,38.099457,26.306093
2009-05-01,38.145679,
2009-05-04,39.293919,27.829447
2009-05-05,38.369167,28.00614
2009-05-06,39.178326,27.9708
2009-05-07,39.563633,28.271187
2009-05-08,39.740883,29.216499
2009-05-11,38.816132,29.410866
2009-05-12,39.25539,29.410866
2009-05-13,39.270798,29.110485
2009-05-14,39.147499,28.916121
2009-05-15,39.047318,28.977961
2009-05-18,40.472969,29.552219
2009-05-19,40.804317,29.826097
2009-05-20,41.628899,29.958622
2009-05-21,40.858269,29.658236
2009-05-22,40.865974,29.68474
2009-05-26,41.443939,30.179489
2009-05-27,39.902702,30.126478
2009-05-28,40.526909,30.029299
2009-05-29,40.026005,30.6654
2009-06-01,41.120289,30.736084
2009-06-02,41.390003,31.38101
2009-06-03,41.46706,30.930443
2009-06-04,41.112572,30.603554
2009-06-05,40.981571,30.046963
2009-06-08,40.950745,29.905611
2009-06-09,40.388191,29.799595
2009-06-10,40.133888,29.914448
2009-06-11,40.079945,29.578726
2009-06-12,40.496082,29.631739
2009-06-15,39.555927,29.189999
2009-06-16,38.608063,29.154661
2009-06-17,38.538715,29.243002
2009-06-18,39.432629,29.136988
2009-06-19,39.024189,29.057476
2009-06-22,38.962547,28.227011
2009-06-23,38.954849,28.739426
2009-06-24,38.954849,29.004471
2009-06-25,39.825649,29.702412
2009-06-26,39.879585,29.349026
2009-06-29,40.249485,29.834934
2009-06-30,39.378677,29.605232
2009-07-01,40.072243,30.250168
2009-07-02,39.386395,29.51688
2009-07-06,40.203247,29.234169
2009-07-07,40.002884,28.818939
2009-07-08,40.565437,28.483219
2009-07-09,40.388191,28.315357
2009-07-10,40.241768,28.041483
2009-07-13,40.827442,28.129829
2009-07-14,41.258991,28.244678
2009-07-15,42.11438,28.721754
2009-07-16,42.545929,29.004471
2009-07-17,43.093067,29.10165
2009-07-20,42.815659,29.083979
2009-07-21,42.761719,29.11932
2009-07-22,42.621883,29.296013
2009-07-23,42.847157,29.561056
2009-07-24,43.375359,29.817263
2009-07-27,43.328743,29.861439
2009-07-28,43.274387,29.940948
2009-07-29,43.592861,30.444527
2009-07-30,43.678303,30.6654
2009-07-31,43.119022,31.213156
2009-08-03,43.196705,31.345676
2009-08-04,43.080177,30.744911
2009-08-05,41.876179,30.974621
2009-08-06,39.973072,30.921606
2009-08-07,40.415836,31.451694
2009-08-10,40.524574,31.363352
2009-08-11,40.338161,30.630062
2009-08-12,40.45467,30.356186
2009-08-13,40.625568,30.259003
2009-08-14,40.679939,30.091141
2009-08-17,40.555649,29.737753
2009-08-18,40.742081,29.446203
2009-08-19,41.013947,29.569893
2009-08-20,41.184853,29.693577
2009-08-21,41.619843,30.303171
2009-08-24,41.433414,30.347345
2009-08-25,41.480015,30.241329
2009-08-26,41.448944,31.434029
2009-08-27,41.215916,31.115971
2009-08-28,41.316902,32.01712
2009-08-31,42.031536,31.275002
2009-09-01,41.184853,30.842098
2009-09-02,41.013947,31.027622
2009-09-03,41.068329,31.451694
2009-09-04,41.060558,31.593048
2009-09-08,42.101448,33.607368
2009-09-09,41.759663,33.819405
2009-09-10,43.530716,33.943085
2009-09-11,43.220005,34.384823
2009-09-14,42.955894,34.844238
2009-09-15,42.74617,34.349487
2009-09-16,42.963665,34.314152
2009-09-17,43.134556,34.543854
2009-09-18,44.52499,34.075607
2009-09-21,44.354111,34.102116
2009-09-22,44.46286,34.093281
2009-09-23,44.470623,34.508511
2009-09-24,44.928925,33.898914
2009-09-25,45.06097,34.658699
2009-09-28,45.177498,35.657028
2009-09-29,44.983292,35.259464
2009-09-30,44.991055,35.453838
2009-10-01,43.981243,35.162285
2009-10-02,44.082233,34.80006
2009-10-05,44.027859,34.844238
2009-10-06,44.299732,35.692371
2009-10-07,44.237591,35.833729
2009-10-08,44.781334,36.222454
2009-10-09,44.711418,36.337303
2009-10-12,44.664814,36.699532
2009-10-13,44.478397,36.390308
2009-10-14,44.517223,36.655361
2009-10-15,44.46286,37.105927
2009-10-16,44.618206,37.052921
2009-10-19,44.890079,37.547661
2009-10-20,45.154182,37.415138
2009-10-21,44.997643,37.512325
2009-10-22,45.498573,37.441647
2009-10-23,45.115055,37.432812
2009-10-26,44.535851,37.167767
2009-10-27,44.755001,37.088261
2009-10-28,44.794144,36.796715
2009-10-29,46.602192,37.052921
2009-10-30,45.396824,37.017582
2009-11-02,46.140396,36.567005
2009-11-03,45.850796,37.786201
2009-11-04,46.203011,36.620018
2009-11-05,47.330101,36.796715
2009-11-06,47.776253,36.655361
2009-11-09,48.410244,36.876228
2009-11-10,48.418056,37.335629
2009-11-11,48.707661,37.309124
2009-11-12,47.979748,37.50349
2009-11-13,48.222393,37.909889
2009-11-16,48.738976,38.519485
2009-11-17,48.770287,38.713848
2009-11-18,48.848553,38.643169
2009-11-19,48.645054,38.360458
2009-11-20,48.371098,38.934723
2009-11-23,49.099014,39.615002
2009-11-24,49.153805,39.376461
2009-11-25,49.208603,40.021393
2009-11-27,48.903328,38.687347
2009-11-30,48.801586,38.263275
2009-12-01,49.239902,39.084911
2009-12-02,49.459057,39.729847
2009-12-03,48.96595,40.162754
2009-12-04,48.997261,40.851864
2009-12-07,48.895504,40.860695
2009-12-08,48.425884,39.915386
2009-12-09,48.715481,39.235107
2009-12-10,48.715481,39.835865
2009-12-11,48.793758,39.606167
2009-12-14,49.318169,39.871212
2009-12-15,48.621559,40.551483
2009-12-16,48.652874,40.480804
2009-12-17,48.206734,40.480804
2009-12-18,48.175426,40.542648
2009-12-21,47.979748,40.630997
2009-12-22,47.979748,40.533813
2009-12-23,47.987572,40.719345
2009-12-24,47.964081,
2009-12-28,47.940609,40.471966
2009-12-29,48.198906,40.604488
2009-12-30,48.034531,40.577984
2009-12-31,47.455338,
2010-01-04,47.838852,41.032974
2010-01-05,47.854511,40.816521
2010-01-06,47.627529,40.785603
2010-01-07,47.369236,40.37479
2010-01-08,47.306614,39.208599
2010-01-11,47.118778,39.941883
2010-01-12,47.65884,38.656429
2010-01-13,48.151947,38.568077
2010-01-14,48.198906,38.674095
2010-01-15,47.60405,37.702274
2010-01-19,48.308491,39.310196
2010-01-20,47.654175,38.373718
2010-01-21,47.173298,37.949646
2010-01-22,47.543812,37.711105
2010-01-25,47.796074,37.578587
2010-01-26,47.843376,37.989403
2010-01-27,47.937973,37.653683
2010-01-28,48.623806,37.309124
2010-01-29,48.521328,37.348888
2010-02-01,48.868191,37.348888
2010-02-02,49.585564,37.075001
2010-02-03,49.388489,37.300297
2010-02-04,48.403084,36.924812
2010-02-05,48.324257,36.465408
2010-02-08,48.095631,37.026417
2010-02-09,48.686878,36.991074
2010-02-10,48.615929,37.207527
2010-02-11,48.84454,37.357712
2010-02-12,48.686878,37.839211
2010-02-16,49.53038,37.609512
2010-02-17,49.546143,37.945229
2010-02-18,49.971844,38.700607
2010-02-19,50.019146,39.164425
2010-02-22,49.995506,38.872879
2010-02-23,49.829945,39.053989
2010-02-24,50.365993,39.257195
2010-02-25,50.216228,38.930298
2010-02-26,49.885136,39.77845
2010-03-01,50.066444,40.688419
2010-03-02,50.224102,40.847443
2010-03-03,50.097977,39.986061
2010-03-04,50.192577,40.153919
2010-03-05,50.208344,39.78286
2010-03-08,49.814186,39.716602
2010-03-09,49.900898,39.654755
2010-03-10,49.672283,39.659176
2010-03-11,49.798424,39.561989
2010-03-12,49.91666,39.098164
2010-03-15,50.216228,38.872879
2010-03-16,50.082211,38.947971
2010-03-17,50.460609,38.894966
2010-03-18,50.239883,38.992149
2010-03-19,50.326588,38.974476
2010-03-22,50.358124,39.027481
2010-03-23,50.870537,39.517815
2010-03-24,50.145275,39.323452
2010-03-25,50.153156,39.47364
2010-03-26,50.208344,39.482475
2010-03-29,50.239883,39.080494
2010-03-30,50.184696,39.005394
2010-03-31,49.877258,39.124668
2010-04-01,49.948208,39.27486
2010-04-05,50.263527,
2010-04-06,49.751122,38.864044
2010-04-07,49.270237,38.868458
2010-04-08,49.317547,38.811031
2010-04-09,49.45155,38.978893
2010-04-12,49.427906,38.797779
2010-04-13,49.664402,39.464813
2010-04-14,49.814186,39.420639
2010-04-15,49.664402,39.438301
2010-04-16,49.546143,38.965641
2010-04-19,49.837833,38.674095
2010-04-20,49.814186,38.890553
2010-04-21,50.161049,38.563663
2010-04-22,50.129517,38.568077
2010-04-23,50.090096,39.182095
2010-04-26,50.405422,39.323452
2010-04-27,49.751122,38.510651
2010-04-28,50.181671,38.002655
2010-04-29,49.411114,37.839211
2010-04-30,49.379345,38.265839
2010-05-03,49.792427,38.544266
2010-05-04,49.021866,38.589176
2010-05-05,49.379345,38.557735
2010-05-06,48.259247,38.315239
2010-05-07,47.909729,37.116199
2010-05-10,49.585884,38.158062
2010-05-11,49.546158,38.216438
2010-05-12,50.062515,39.03376
2010-05-13,49.848026,39.927422
2010-05-14,49.681213,39.172974
2010-05-17,50.348495,38.687969
2010-05-18,50.213455,39.366081
2010-05-19,50.221397,38.840656
2010-05-20,48.942425,38.202961
2010-05-21,49.133076,37.466484
2010-05-24,48.775608,37.803291
2010-05-25,48.49757,37.6506
2010-05-26,48.012981,38.355652
2010-05-27,48.418125,39.339134
2010-05-28,48.52935,39.599594
2010-06-01,48.584953,40.120525
2010-06-02,49.045696,40.331589
2010-06-03,49.093357,40.363033
2010-06-04,48.298969,40.147472
2010-06-07,48.155975,40.35854
2010-06-08,49.363453,39.985802
2010-06-09,48.831211,40.830063
2010-06-10,49.180737,40.973766
2010-06-11,48.465794,41.009697
2010-06-14,48.656437,41.283634
2010-06-15,49.180737,41.180344
2010-06-16,48.60878,41.333031
2010-06-17,49.061584,41.687801
2010-06-18,48.696175,41.333031
2010-06-21,48.537285,41.333031
2010-06-22,48.235424,41.620441
2010-06-23,48.759705,41.220764
2010-06-24,48.354576,40.389977
2010-06-25,47.496628,40.960297
2010-06-28,48.155975,41.324043
2010-06-29,47.917652,40.448353
2010-06-30,47.647575,40.565117
2010-07-01,47.298035,40.151958
2010-07-02,47.170933,39.693905
2010-07-06,47.139156,40.080109
2010-07-07,48.314854,40.102562
2010-07-08,49.212517,40.210342
2010-07-09,49.053631,40.7178
2010-07-12,49.323723,40.627979
2010-07-13,49.562057,41.032146
2010-07-14,49.776539,41.220764
2010-07-15,49.832142,41.288128
2010-07-16,49.244289,40.744747
2010-07-19,49.141022,40.520203
2010-07-20,49.307846,40.322609
2010-07-21,48.925156,41.297108
2010-07-22,49.133316,42.374889
2010-07-23,49.565639,42.644333
2010-07-26,50.054008,42.262619
2010-07-27,50.502354,41.818031
2010-07-28,50.198116,41.871922
2010-07-29,49.373501,40.90641
2010-07-30,48.965183,40.821087
2010-08-02,49.685738,41.310577
2010-08-03,47.988434,40.883953
2010-08-04,47.676208,41.180344
2010-08-05,47.924397,38.997829
2010-08-06,48.052494,38.73737
2010-08-09,48.340717,38.997829
2010-08-10,48.66095,38.948441
2010-08-11,48.252632,38.490376
2010-08-12,48.028465,38.431995
2010-08-13,47.89238,38.467922
2010-08-16,47.85236,38.759819
2010-08-17,48.268658,39.226864
2010-08-18,48.636936,39.132557
2010-08-19,48.188591,38.369125
2010-08-20,48.020473,38.158062
2010-08-23,48.060497,37.870655
2010-08-24,47.764267,38.149075
2010-08-25,47.77227,37.911068
2010-08-26,47.668198,37.72245
2010-08-27,47.876358,38.036808
2010-08-30,47.532089,37.731434
2010-08-31,47.77227,37.888611
2010-09-01,47.876358,38.755333
2010-09-02,48.092525,38.809223
2010-09-03,48.268658,39.02927
2010-09-07,48.148567,38.683475
2010-09-08,48.332699,38.939453
2010-09-09,48.268658,39.46487
2010-09-10,48.356731,39.069683
2010-09-13,48.42078,39.128059
2010-09-14,48.548866,38.759819
2010-09-15,48.925156,38.445469
2010-09-16,48.925156,38.261341
2010-09-17,48.813061,37.964954
2010-09-20,49.181358,38.090698
2010-09-21,49.253414,37.637127
2010-09-22,49.469578,37.704494
2010-09-23,49.013218,37.65958
2010-09-24,49.34948,38.171532
2010-09-27,48.86911,38.548756
2010-09-28,48.532845,38.440971
2010-09-29,48.236637,39.967834
2010-09-30,48.01247,40.327103
2010-10-01,48.164581,41.032146
2010-10-04,48.004448,41.023174
2010-10-05,48.692978,40.77618
2010-10-06,48.733009,40.816597
2010-10-07,48.676964,40.973766
2010-10-08,49.525608,40.951317
2010-10-11,49.749786,40.560623
2010-10-12,49.653709,40.72678
2010-10-13,50.142075,41.063587
2010-10-14,50.278183,41.449787
2010-10-15,50.246151,42.051556
2010-10-18,50.718517,42.289566
2010-10-19,50.58242,42.190765
2010-10-20,51.124557,41.791092
2010-10-21,51.237503,42.585953
2010-10-22,51.148746,42.895821
2010-10-25,51.261711,44.009533
2010-10-26,50.713097,43.874802
2010-10-27,50.890587,42.81498
2010-10-28,50.979332,42.478176
2010-10-29,51.285904,42.042572
2010-11-01,51.326248,42.127892
2010-11-02,51.648945,41.571037
2010-11-03,51.882919,41.104
2010-11-04,52.439575,40.345058
2010-11-05,52.439575,40.475292
2010-11-08,52.237892,40.340569
2010-11-09,52.286297,40.416916
2010-11-10,52.092667,40.605526
2010-11-11,51.923252,41.189323
2010-11-12,51.899044,41.297108
2010-11-15,51.866779,41.359978
2010-11-16,51.189106,40.71331
2010-11-17,51.043884,40.96928
2010-11-18,51.648945,41.180344
2010-11-19,51.673149,40.888447
2010-11-22,51.277843,40.327103
2010-11-23,50.511421,40.093575
2010-11-24,50.503345,40.524689
2010-11-26,50.124176,40.870487
2010-11-29,50.124176,40.080109
2010-11-30,49.268997,40.169922
2010-12-01,50.140308,40.264233
2010-12-02,50.309715,40.493256
2010-12-03,50.285526,40.075611
2010-12-06,50.067703,40.942333
2010-12-07,50.140308,41.813541
2010-12-08,50.52755,41.485718
2010-12-09,50.721169,41.647385
2010-12-10,50.987408,39.491817
2010-12-13,50.979332,38.674496
2010-12-14,51.269775,39.249321
2010-12-15,51.342377,36.999439
2010-12-16,52.036198,36.994949
2010-12-17,52.286297,37.614677
2010-12-20,52.415367,36.985973
2010-12-21,52.334705,36.559349
2010-12-22,52.399242,36.909626
2010-12-23,52.633209,37.268883
2010-12-27,52.173344,37.232964
2010-12-28,52.245956,37.295826
2010-12-29,51.955521,37.637127
2010-12-30,51.858704,37.295826
2010-12-31,51.899044,
2011-01-03,52.254017,37.098244
2011-01-04,52.399242,37.515884
2011-01-05,52.278229,38.508339
2011-01-06,52.189476,38.247875
2011-01-07,52.036198,37.780827
2011-01-10,51.923252,37.41259
2011-01-11,51.665089,37.017406
2011-01-12,52.415367,37.17458
2011-01-13,52.826824,36.909626
2011-01-14,52.867165,36.554855
2011-01-18,52.842957,36.586285
2011-01-19,53.112785,35.921658
2011-01-20,53.478523,35.715076
2011-01-21,53.567928,35.836334
2011-01-24,54.112465,36.087818
2011-01-25,54.210003,35.984528
2011-01-26,53.730484,36.083324
2011-01-27,52.161884,36.020451
2011-01-28,52.178131,35.926144
2011-01-31,51.308498,35.944107
2011-02-01,51.137821,36.707542
2011-02-02,51.032177,37.012909
2011-02-03,51.121571,37.183567
2011-02-04,51.698616,37.587734
2011-02-07,52.462593,37.291344
2011-02-08,52.535744,37.812267
2011-02-09,52.332561,37.435043
2011-02-10,52.486984,37.215
2011-02-11,52.608891,37.295826
2011-02-14,52.454468,37.28685
2011-02-15,51.950562,38.171532
2011-02-16,51.820534,38.418522
2011-02-17,52.015587,38.822693
2011-02-18,52.259407,39.11459
2011-02-22,52.072487,38.890053
2011-02-23,52.137501,38.872093
2011-02-24,51.243477,38.714909
2011-02-25,51.0728,38.894547
2011-02-28,51.243477,39.069683
2011-03-01,50.991531,39.204411
2011-03-02,50.72332,38.804729
2011-03-03,50.837109,38.800236
2011-03-04,50.414486,38.530796
2011-03-07,50.154404,38.611626
2011-03-08,50.430737,38.876583
2011-03-09,50.390099,38.822693
2011-03-10,49.975609,38.876583
2011-03-11,49.975609,38.952919
2011-03-14,49.861816,38.741856
2011-03-15,49.301025,37.569767
2011-03-16,48.545177,36.887165
2011-03-17,49.11409,37.03537
2011-03-18,49.252254,37.057819
2011-03-21,49.821182,37.466484
2011-03-22,49.520458,37.264393
2011-03-23,49.504215,37.493423
2011-03-24,49.691135,37.969448
2011-03-25,49.479828,37.911068
2011-03-28,49.301025,38.202961
2011-03-29,49.804924,38.108662
2011-03-30,50.365719,38.458939
2011-03-31,50.065002,38.678986
2011-04-01,50.455112,39.119083
2011-04-04,50.601425,39.141537
2011-04-05,50.121895,38.925976
2011-04-06,50.195038,39.343616
2011-04-07,50.495766,39.280754
2011-04-08,50.308823,39.195423
2011-04-11,50.544521,39.172974
2011-04-12,51.113438,38.881077
2011-04-13,51.194721,39.1101
2011-04-14,51.446667,38.73737
2011-04-15,52.161884,39.563663
2011-04-18,52.015587,39.28973
2011-04-19,51.901802,39.410984
2011-04-20,51.788017,40.111546
2011-04-21,51.422287,40.704647
2011-04-25,51.503555,
2011-04-26,51.877426,41.282906
2011-04-27,52.463348,40.797894
2011-04-28,52.856701,40.9627
2011-04-29,53.184498,41.410042
2011-05-02,53.413952,41.443005
2011-05-03,53.848286,41.184021
2011-05-04,54.471077,41.367661
2011-05-05,53.987583,41.339409
2011-05-06,53.487713,42.314156
2011-05-09,53.381168,42.017494
2011-05-10,53.864674,41.970398
2011-05-11,54.020363,42.196426
2011-05-12,54.774284,42.573147
2011-05-13,54.790684,43.260639
2011-05-16,54.856255,43.166462
2011-05-17,55.249599,42.752079
2011-05-18,55.216812,43.147625
2011-05-19,55.282379,43.13821
2011-05-20,55.200424,42.709702
2011-05-23,54.946392,43.128792
2011-05-24,54.913605,43.288898
2011-05-25,54.397339,43.053448
2011-05-26,54.241642,42.77092
2011-05-27,54.249828,43.04874
2011-05-31,54.905415,43.364235
2011-06-01,54.413719,43.053448
2011-06-02,54.094128,42.497799
2011-06-03,53.618816,42.733246
2011-06-06,53.676193,42.653191
2011-06-07,53.315609,42.850971
2011-06-08,53.143524,42.808586
2011-06-09,53.274647,43.157043
2011-06-10,53.020596,42.276482
2011-06-13,53.077969,42.511929
2011-06-14,53.069767,42.191723
2011-06-15,52.250282,41.94215
2011-06-16,52.66003,41.50893
2011-06-17,53.012398,41.428883
2011-06-20,53.340195,41.711414
2011-06-21,52.627251,41.758507
2011-06-22,52.496132,41.989235
2011-06-23,52.004448,41.546604
2011-06-24,51.291496,41.353539
2011-06-27,51.479969,41.556023
2011-06-28,51.398026,41.428883
2011-06-29,51.258713,41.970398
2011-06-30,52.094589,42.144634
2011-07-01,52.668228,42.365948
2011-07-05,52.66003,42.624935
2011-07-06,53.020596,42.12109
2011-07-07,53.225468,41.946861
2011-07-08,53.209087,41.895058
2011-07-11,53.036991,41.782051
2011-07-12,52.881287,41.113384
2011-07-13,52.971436,41.249947
2011-07-14,52.938648,41.014496
2011-07-15,53.127132,41.391209
2011-07-18,52.897678,40.731964
2011-07-19,52.94685,40.779053
2011-07-20,53.041855,40.972122
2011-07-21,53.281452,41.12751
2011-07-22,53.083168,41.640778
2011-07-25,52.306545,41.979828
2011-07-26,52.124779,42.276482
2011-07-27,51.389465,42.521347
2011-07-28,51.158119,42.389492
2011-07-29,50.802868,42.290604
2011-08-01,50.753296,41.537182
2011-08-02,50.290619,40.844975
2011-08-03,50.174957,40.12923
2011-08-04,49.224823,40.04446
2011-08-05,50.05928,39.201572
2011-08-08,48.985241,37.675888
2011-08-09,49.75359,37.949005
2011-08-10,48.34079,37.671185
2011-08-11,49.943615,38.575291
2011-08-12,50.513702,39.24395
2011-08-15,51.125084,39.404053
2011-08-16,50.910259,39.719551
2011-08-17,50.951576,39.719551
2011-08-18,50.282364,38.876659
2011-08-19,50.364986,37.967838
2011-08-22,50.984623,38.306885
2011-08-23,52.066944,38.674171
2011-08-24,52.306545,38.707134
2011-08-25,51.662109,38.302174
2011-08-26,51.695145,38.184448
2011-08-29,52.124779,38.683594
2011-08-30,52.46352,38.443439
2011-08-31,52.612236,38.551743
2011-09-01,52.265232,38.452858
2011-09-02,51.678635,38.39164
2011-09-06,51.538181,37.911335
2011-09-07,51.819084,38.33514
2011-09-08,51.976063,38.970837
2011-09-09,51.092033,38.109112
2011-09-12,51.083767,38.372807
2011-09-13,51.174652,38.099697
2011-09-14,51.505131,38.514072
2011-09-15,51.868656,38.655342
2011-09-16,53.149269,38.81073
2011-09-19,52.719646,38.660046
2011-09-20,52.942715,39.342838
2011-09-21,52.066944,38.377518
2011-09-22,50.538479,37.737106
2011-09-23,50.604591,37.346264
2011-09-26,51.670372,37.36039
2011-09-27,52.265232,38.255081
2011-09-28,51.827358,38.368095
2011-09-29,52.628761,37.878376
2011-09-30,52.199142,37.788902
2011-10-03,51.918224,
2011-10-04,52.356117,37.054314
2011-10-05,52.331329,38.721264
2011-10-06,52.554405,37.967838
2011-10-07,52.802265,38.000805
2011-10-10,53.537582,38.297466
2011-10-11,53.347549,38.711849
2011-10-12,53.611931,39.196861
2011-10-13,53.413658,38.853115
2011-10-14,53.611931,38.857819
2011-10-17,53.091434,38.565872
2011-10-18,53.636723,38.77306
2011-10-19,53.932411,38.933163
2011-10-20,54.215607,38.763645
2011-10-21,55.190132,39.484104
2011-10-24,54.448833,39.512363
2011-10-25,53.73251,39.29575
2011-10-26,54.098999,39.262787
2011-10-27,54.357208,39.49823
2011-10-28,53.915756,39.870239
2011-10-31,53.299381,39.352253
2011-11-01,52.233227,38.264507
2011-11-02,52.35817,37.939587
2011-11-03,52.649693,38.57058
2011-11-04,52.499767,38.867245
2011-11-07,52.857929,38.452858
2011-11-08,53.482632,38.834278
2011-11-09,52.241554,38.288044
2011-11-10,52.674679,38.236248
2011-11-11,53.216087,38.961414
2011-11-14,52.516426,39.060303
2011-11-15,52.941227,38.824852
2011-11-16,52.708008,38.749516
2011-11-17,52.424801,38.853115
2011-11-18,52.674679,38.848404
2011-11-21,51.358643,38.28334
2011-11-22,51.383636,38.292751
2011-11-23,50.858891,38.057308
2011-11-25,50.808914,37.770069
2011-11-28,51.841755,38.349262
2011-11-29,52.083302,38.725971
2011-11-30,53.782501,40.049175
2011-12-01,53.37434,40.736675
2011-12-02,53.857452,40.298748
2011-12-05,54.007378,40.65662
2011-12-06,54.007378,40.185734
2011-12-07,54.332214,40.454144
2011-12-08,53.699192,40.162189
2011-12-09,54.115654,40.162189
2011-12-12,53.56591,39.790184
2011-12-13,53.915756,40.016212
2011-12-14,53.682522,39.611248
2011-12-15,54.132309,39.926743
2011-12-16,54.257252,39.931454
2011-12-19,54.098999,40.025631
2011-12-20,54.798679,40.764927
2011-12-21,54.973572,40.232822
2011-12-22,55.13184,40.31287
2011-12-23,55.531647,41.047459
2011-12-27,55.631603,41.20285
2011-12-28,55.423367,41.014496
2011-12-29,55.781521,41.25465
2011-12-30,55.56496,41.268776
2012-01-03,55.664913,42.008076
2012-01-04,55.639923,41.815014
2012-01-05,55.4067,41.687866
2012-01-06,55.27343,41.593693
2012-01-09,55.506657,41.612534
2012-01-10,55.248447,41.847973
2012-01-11,54.707031,41.108673
2012-01-12,54.815315,40.779053
2012-01-13,54.815315,40.355251
2012-01-17,55.190132,40.703709
2012-01-18,55.43782,41.132217
2012-01-19,55.479801,41.461845
2012-01-20,55.605732,41.428883
2012-01-23,54.57304,40.906193
2012-01-24,54.153252,41.386501
2012-01-25,54.556255,42.789749
2012-01-26,54.405121,42.93573
2012-01-27,53.985336,42.996941
2012-01-30,53.070187,43.448994
2012-01-31,52.927452,43.22768
2012-02-01,53.070187,43.788036
2012-02-02,53.16254,43.905762
2012-02-03,52.700771,44.395485
2012-02-06,53.322056,43.868092
2012-02-07,53.481583,43.458412
2012-02-08,53.431206,43.392494
2012-02-09,53.767052,43.86338
2012-02-10,53.632706,43.792744
2012-02-13,53.926567,44.07999
2012-02-14,54.136463,44.696854
2012-02-15,54.195232,44.918171
2012-02-16,54.740959,45.031189
2012-02-17,54.497482,45.285465
2012-02-21,54.086075,45.370228
2012-02-22,54.102875,45.332558
2012-02-23,55.765251,44.908752
2012-02-24,56.008739,44.108246
2012-02-27,56.000343,44.560295
2012-02-28,56.579639,44.781609
2012-02-29,56.772751,44.273056
2012-03-01,55.966759,44.781609
2012-03-02,55.975155,45.002937
2012-03-05,56.210224,45.59626
2012-03-06,56.117878,44.673309
2012-03-07,55.899593,44.800453
2012-03-08,56.168255,45.925877
2012-03-09,56.193447,45.794029
2012-03-12,56.848324,46.076561
2012-03-13,57.007839,46.533325
2012-03-14,56.965858,46.354389
2012-03-15,56.823128,46.368511
2012-03-16,56.462109,45.81757
2012-03-19,56.428516,45.63863
2012-03-20,56.428516,45.544453
2012-03-21,56.420132,45.699856
2012-03-22,56.688797,45.290176
2012-03-23,56.613235,45.360806
2012-03-26,56.63842,46.161327
2012-03-27,56.378159,45.681011
2012-03-28,56.411747,45.520916
2012-03-29,56.260609,44.969971
2012-03-30,56.428516,46.076561
2012-04-02,56.72237,46.990089
2012-04-03,56.32777,46.655758
2012-04-04,56.470509,45.619801
2012-04-05,56.512474,45.723396
2012-04-09,56.092693,
2012-04-10,55.706482,45.261925
2012-04-11,55.782036,45.539745
2012-04-12,55.48819,46.269627
2012-04-13,55.253109,45.930588
2012-04-16,56.067505,46.707561
2012-04-17,56.269001,47.333836
2012-04-18,56.042328,47.409176
2012-04-19,55.891193,48.605247
2012-04-20,56.680401,48.793598
2012-04-23,55.958366,47.945995
2012-04-24,56.252216,48.746506
2012-04-25,56.634914,48.831264
2012-04-26,56.617989,49.735378
2012-04-27,54.560532,49.964439
2012-04-30,53.883179,50.584816
2012-05-01,53.823914,
2012-05-02,54.171055,50.584816
2012-05-03,54.619801,50.73753
2012-05-04,54.425056,50.117142
2012-05-07,54.399658,49.993073
2012-05-08,54.323456,49.25816
2012-05-09,53.908585,49.888088
2012-05-10,54.306522,49.181805
2012-05-11,53.917046,50.059879
2012-05-14,53.832378,49.811729
2012-05-15,53.950916,50.193501
2012-05-16,54.433529,49.372692
2012-05-17,54.154133,49.554035
2012-05-18,53.781586,49.181805
2012-05-21,53.671509,49.659023
2012-05-22,53.468307,50.193501
2012-05-23,52.824818,48.800034
2012-05-24,52.977219,48.523251
2012-05-25,52.909489,48.475529
2012-05-29,53.298969,48.876385
2012-05-30,52.765549,48.227375
2012-05-31,52.740154,48.656868
2012-06-01,52.11359,47.931499
2012-06-04,51.986599,47.912411
2012-06-05,51.79187,48.122383
2012-06-06,52.325279,48.876385
2012-06-07,53.1381,49.773552
2012-06-08,53.129627,50.145779
2012-06-11,52.951832,49.811729
2012-06-12,53.1381,49.554035
2012-06-13,52.977219,49.926266
2012-06-14,53.493706,50.203041
2012-06-15,53.239697,49.706745
2012-06-18,52.740154,50.336666
2012-06-19,52.672413,51.081123
2012-06-20,51.131443,50.269855
2012-06-21,50.589569,49.926266
2012-06-22,50.657303,49.496769
2012-06-25,50.217033,48.513706
2012-06-26,50.183155,48.656868
2012-06-27,50.784309,48.714134
2012-06-28,51.04678,48.160564
2012-06-29,51.859604,48.819122
2012-07-02,51.808792,48.971828
2012-07-03,51.952732,50.050335
2012-07-05,51.944263,50.059879
2012-07-06,51.885002,49.926266
2012-07-09,52.11359,49.47768
2012-07-10,52.266006,50.747074
2012-07-11,51.986599,50.508461
2012-07-12,53.933979,50.355755
2012-07-13,55.110874,51.042942
2012-07-16,54.873798,50.537098
2012-07-17,55.331013,51.214748
2012-07-18,55.358337,52.035557
2012-07-19,55.443745,52.770462
2012-07-20,55.281483,52.579578
2012-07-23,54.991108,50.871147
2012-07-24,54.675117,51.014309
2012-07-25,54.675117,50.432114
2012-07-26,55.136295,51.825577
2012-07-27,55.588928,52.445965
2012-07-30,55.597469,52.216892
2012-07-31,55.119221,51.462891
2012-08-01,54.666588,50.708897
2012-08-02,54.239559,54.564793
2012-08-03,55.939087,54.373909
2012-08-06,56.203831,55.089733
2012-08-07,56.553982,54.125755
2012-08-08,56.981014,53.906235
2012-08-09,56.989548,54.259373
2012-08-10,57.023701,54.144844
2012-08-13,56.776047,53.925327
2012-08-14,56.989548,54.135303
2012-08-15,56.912674,54.192562
2012-08-16,57.220139,54.211655
2012-08-17,57.220139,53.944412
2012-08-20,57.006626,54.450256
2012-08-21,57.023701,54.679329
2012-08-22,57.092033,54.35482
2012-08-23,56.946835,53.925327
2012-08-24,57.237213,54.53616
2012-08-27,57.314083,54.956116
2012-08-28,57.211586,55.223351
2012-08-29,57.109108,54.555248
2012-08-30,57.117645,54.574345
2012-08-31,57.382408,54.402542
2012-09-04,57.561745,54.66024
2012-09-05,57.467808,54.622059
2012-09-06,58.279125,55.356968
2012-09-07,58.518269,54.268921
2012-09-10,58.509712,53.839424
2012-09-11,58.296219,54.068489
2012-09-12,58.159573,53.782154
2012-09-13,58.851337,54.183025
2012-09-14,59.064857,53.047253
2012-09-17,59.141705,53.009075
2012-09-18,59.116093,53.915779
2012-09-19,59.150249,54.230743
2012-09-20,59.406452,54.727047
2012-09-21,59.28688,54.736591
2012-09-24,59.577259,54.125755
2012-09-25,59.432072,54.259373
2012-09-26,59.184418,54.087574
2012-09-27,59.184418,54.841576
2012-09-28,59.235638,54.497982
2012-10-01,59.312504,55.146992
2012-10-02,58.748856,55.118362
2012-10-03,59.073391,
2012-10-04,59.252728,55.52877
2012-10-05,59.466232,55.738743
2012-10-08,59.013603,54.984745
2012-10-09,58.671986,54.832039
2012-10-10,58.193733,54.727047
2012-10-11,58.074158,54.937031
2012-10-12,58.02293,55.280613
2012-10-15,58.680531,55.805557
2012-10-16,58.928204,56.359123
2012-10-17,59.816807,55.681477
2012-10-18,59.816807,55.996441
2012-10-19,59.041847,55.309246
2012-10-22,58.981579,54.583881
2012-10-23,58.068871,53.429024
2012-10-24,58.619938,53.324036
2012-10-25,60.333412,53.925327
2012-10-26,59.790977,53.743988
2012-10-31,59.618736,53.553097
2012-11-01,59.627357,54.020763
2012-11-02,59.575699,57.933937
2012-11-05,59.127949,58.096184
2012-11-06,59.35183,58.182083
2012-11-07,58.602722,56.979504
2012-11-08,57.612514,56.435478
2012-11-09,57.698631,56.969955
2012-11-12,57.758892,57.208569
2012-11-13,57.560852,57.389908
2012-11-14,57.285324,56.569096
2012-11-15,57.104507,56.072796
2012-11-16,57.535023,55.586033
2012-11-19,58.482166,56.177784
2012-11-20,58.809361,56.454567
2012-11-21,58.955746,56.740898
2012-11-23,59.920109,57.408997
2012-11-26,59.825397,57.533077
2012-11-27,59.403481,57.743046
2012-11-28,59.790977,57.513988
2012-11-29,59.842628,57.456718
2012-11-30,60.126759,57.552162
2012-12-03,59.911514,57.752586
2012-12-04,59.679035,57.809853
2012-12-05,59.765118,57.790768
2012-12-06,60.230103,58.916996
2012-12-07,60.522865,59.146061
2012-12-10,60.462578,59.241505
2012-12-11,60.841446,59.4133
2012-12-12,60.927544,59.651909
2012-12-13,60.385067,58.62112
2012-12-14,60.212872,58.353882
2012-12-17,60.212872,58.038925
2012-12-18,60.247318,58.334793
2012-12-19,59.704849,58.792923
2012-12-20,60.118164,58.85973
2012-12-21,59.171005,58.831097
2012-12-24,58.998787,
2012-12-26,58.551064,
2012-12-27,58.525219,58.506592
2012-12-28,57.819176,59.060162
2012-12-31,58.456337,
2013-01-02,59.747902,59.680542
2013-01-03,59.369049,59.184238
2013-01-04,59.48959,59.050617
2013-01-07,59.084908,58.086643
2013-01-08,58.990189,59.461025
2013-01-09,59.308765,59.613735
2013-01-10,59.644596,58.411152
2013-01-11,59.601536,58.411152
2013-01-14,59.954544,58.420692
2013-01-15,60.169815,58.62112
2013-01-16,60.188915,59.585098
2013-01-17,60.47538,59.699631
2013-01-18,60.709736,60.329552
2013-01-22,60.718403,60.415451
2013-01-23,61.360748,61.178997
2013-01-24,61.126385,61.484413
2013-01-25,63.582901,61.799374
2013-01-28,64.034248,61.226723
2013-01-29,65.101952,62.114338
2013-01-30,65.171387,62.314774
2013-01-31,65.240837,61.703934
2013-02-01,65.90052,62.610645
2013-02-04,65.318954,61.656212
2013-02-05,65.709549,62.362492
2013-02-06,66.100174,61.942543
2013-02-07,66.100174,61.618031
2013-02-08,65.752953,62.057068
2013-02-11,65.805038,61.493958
2013-02-12,65.952621,62.142975
2013-02-13,66.456062,62.820614
2013-02-14,66.647018,62.830162
2013-02-15,66.438705,62.801529
2013-02-19,67.167847,61.207626
2013-02-20,66.90744,61.465324
2013-02-21,66.872711,61.408054
2013-02-22,66.8293,62.076164
2013-02-25,65.90052,63.288288
2013-02-26,66.039421,63.040142
2013-02-27,66.620995,63.670067
2013-02-28,66.126213,63.746422
2013-03-01,66.395302,63.784599
2013-03-04,66.560211,63.765507
2013-03-05,66.881393,64.175919
2013-03-06,67.011604,64.643585
2013-03-07,66.75119,65.664818
2013-03-08,66.994232,64.624496
2013-03-11,67.1418,65.092155
2013-03-12,66.98555,65.416672
2013-03-13,66.664391,66.23748
2013-03-14,67.176529,66.934212
2013-03-15,66.265091,66.972397
2013-03-18,66.108856,67.153732
2013-03-19,66.933479,67.49733
2013-03-20,67.341461,67.525955
2013-03-21,67.020271,67.640495
2013-03-22,67.072372,68.289505
2013-03-25,66.560211,68.747635
2013-03-26,67.185219,68.719002
2013-03-27,66.890076,68.308594
2013-03-28,66.890076,68.757179
2013-04-01,67.44561,
2013-04-02,68.53933,69.291656
2013-04-03,67.810188,69.19622
2013-04-04,68.174759,68.155891
2013-04-05,67.905663,66.800591
2013-04-08,68.391762,66.800591
2013-04-09,67.931702,65.531204
2013-04-10,68.782364,66.285202
2013-04-11,69.155647,66.666969
2013-04-12,69.511513,66.23748
2013-04-15,69.138268,65.989326
2013-04-16,69.528885,65.244873
2013-04-17,68.626122,64.920364
2013-04-18,69.329247,64.920364
2013-04-19,70.683342,66.212601
2013-04-22,70.65731,66.34761
2013-04-23,71.646873,67.533768
2013-04-24,67.433998,67.157669
2013-04-25,66.961807,67.263748
2013-04-26,67.416504,66.337967
2013-04-29,67.923653,66.251175
2013-04-30,67.127953,66.280113
2013-05-01,67.320313,
2013-05-02,67.993599,69.086372
2013-05-03,68.369621,67.890579
2013-05-06,67.984848,67.909866
2013-05-07,68.151001,66.906944
2013-05-08,68.588203,67.697708
2013-05-09,68.387085,68.131668
2013-05-10,68.868019,67.929146
2013-05-13,68.719345,67.967735
2013-05-14,69.488831,67.62056
2013-05-15,70.54686,67.466263
2013-05-16,70.127144,69.067101
2013-05-17,69.969742,68.025589
2013-05-20,69.15657,68.662056
2013-05-21,68.902969,68.112381
2013-05-22,68.920471,68.17025
2013-05-23,68.815536,67.707352
2013-05-24,71.59613,67.900223
2013-05-28,70.704254,69.40461
2013-05-29,68.990433,68.025589
2013-05-30,69.15657,67.880928
2013-05-31,67.119209,67.051582
2013-06-03,67.906166,66.260818
2013-06-04,67.65258,66.222244
2013-06-05,67.031769,65.036087
2013-06-06,67.171677,64.611778
2013-06-07,67.984848,65.730423
2013-06-10,68.264679,66.135452
2013-06-11,68.308403,65.093948
2013-06-12,67.853699,65.248245
2013-06-13,68.579445,64.592491
2013-06-14,68.229691,64.524979
2013-06-17,69.042885,65.190384
2013-06-18,69.112846,65.344688
2013-06-19,67.862442,65.325386
2013-06-20,65.798851,63.541344
2013-06-21,67.705048,62.982006
2013-06-24,66.961807,62.229816
2013-06-25,67.057991,62.53841
2013-06-26,67.678825,63.753502
2013-06-27,67.914917,64.737137
2013-06-28,67.320313,64.611778
2013-07-01,68.220955,65.363968
2013-07-02,68.588203,65.643631
2013-07-03,68.701874,65.055374
2013-07-05,68.500763,65.065025
2013-07-08,68.868019,65.325386
2013-07-09,69.576271,66.077583
2013-07-10,69.777397,67.36982
2013-07-11,70.625572,67.716995
2013-07-12,71.30761,67.726646
2013-07-15,71.272614,67.504837
2013-07-16,70.800446,66.762291
2013-07-17,70.555527,67.321602
2013-07-18,70.740547,67.215523
2013-07-19,71.683159,67.090164
2013-07-22,71.55101,66.444054
2013-07-23,71.313148,65.884727
2013-07-24,70.714096,65.913651
2013-07-25,70.83744,66.106522
2013-07-26,70.819817,65.701492
2013-07-29,70.555527,65.903999
2013-07-30,70.863884,67.003372
2013-07-31,70.740547,67.041939
2013-08-01,71.921013,67.755577
2013-08-02,71.612686,67.495193
2013-08-05,71.709579,67.697708
2013-08-06,72.009102,67.977371
2013-08-07,72.202911,65.797928
2013-08-08,72.387909,64.901085
2013-08-09,71.921013,64.515335
2013-08-12,71.903397,64.794998
2013-08-13,71.938637,65.836494
2013-08-14,71.577446,66.318672
2013-08-15,70.899101,65.942581
2013-08-16,70.388145,65.720787
2013-08-19,70.115059,65.344688
2013-08-20,70.06221,65.315742
2013-08-21,69.930046,65.093948
2013-08-22,70.273628,65.537552
2013-08-23,70.485054,65.065025
2013-08-26,69.190056,64.96859
2013-08-27,68.68792,64.640701
2013-08-28,67.701248,63.628132
2013-08-29,68.106483,63.415974
2013-08-30,68.617439,62.875935
2013-09-03,68.494125,63.387047
2013-09-04,68.265045,62.779499
2013-09-05,67.956718,61.84407
2013-09-06,67.965538,62.528763
2013-09-09,68.855309,62.036945
2013-09-10,68.670296,63.078457
2013-09-11,68.952194,62.66378
2013-09-12,68.943405,62.914505
2013-09-13,69.639336,63.888508
2013-09-16,70.61721,64.100662
2013-09-17,70.3265,63.801716
2013-09-18,70.740547,63.637768
2013-09-19,70.581955,64.226028
2013-09-20,69.93885,64.129601
2013-09-23,69.841972,64.197098
2013-09-24,69.260544,63.666702
2013-09-25,68.467674,63.24239
2013-09-26,68.7584,63.280972
2013-09-27,68.018387,63.666702
2013-09-30,66.591263,63.300251
2013-10-01,67.093391,64.071747
2013-10-02,66.890785,65.527901
2013-10-03,66.811478,
2013-10-04,66.970062,64.987869
2013-10-07,66.644104,65.576118
2013-10-08,67.243149,65.38327
2013-10-09,67.78936,65.228966
2013-10-10,68.617439,65.990799
2013-10-11,69.137215,66.174034
2013-10-14,69.366249,66.106522
2013-10-15,68.361954,66.540482
2013-10-16,69.553436,66.357246
2013-10-17,70.512321,66.337967
2013-10-18,70.503433,67.128738
2013-10-21,70.112785,67.119087
2013-10-22,71.364632,67.533768
2013-10-23,71.835197,67.302322
2013-10-24,71.568848,67.061234
2013-10-25,71.02726,67.041939
2013-10-28,72.181458,67.427689
2013-10-29,73.211334,67.62056
2013-10-30,72.376785,67.91951
2013-10-31,71.69313,67.803787
2013-11-01,72.048279,67.659134
2013-11-04,72.208107,67.254105
2013-11-05,72.296875,70.82222
2013-11-06,73.522095,71.381538
2013-11-07,73.087051,70.745071
2013-11-08,73.25573,70.455765
2013-11-11,73.033775,70.831856
2013-11-12,73.513222,71.005447
2013-11-13,74.13472,70.243599
2013-11-14,74.86274,71.053665
2013-11-15,75.324409,71.294754
2013-11-18,75.084686,71.217598
2013-11-19,74.880478,71.217598
2013-11-20,75.191238,71.564774
2013-11-21,75.173477,71.352615
2013-11-22,75.422073,71.024734
2013-11-25,75.830475,71.477982
2013-11-26,75.146851,71.46833
2013-11-27,74.827225,71.101883
2013-11-29,74.773949,72.066238
2013-12-02,73.992638,72.567696
2013-12-03,74.427689,70.725769
2013-12-04,74.001518,70.696854
2013-12-05,73.41555,70.764351
2013-12-06,75.040298,71.246529
2013-12-09,75.271126,71.738358
2013-12-10,74.267891,70.909012
2013-12-11,74.596382,70.619705
2013-12-12,73.069305,69.906075
2013-12-13,73.131439,69.578194
2013-12-16,72.527718,70.166458
2013-12-17,71.835197,69.124954
2013-12-18,73.140312,70.041092
2013-12-19,72.714157,70.880074
2013-12-20,72.660873,70.436478
2013-12-23,72.190331,70.503975
2013-12-24,72.190331,
2013-12-26,72.589859,
2013-12-27,72.811821,70.986153
2013-12-30,72.80294,71.015091
2013-12-31,72.279121,
2014-01-02,71.506683,70.513626
2014-01-03,71.426781,70.880074
2014-01-06,71.595474,70.590775
2014-01-07,72.287987,70.783646
2014-01-08,71.240334,70.176094
2014-01-09,71.400162,70.282181
2014-01-10,71.293617,70.619705
2014-01-13,71.036148,70.909012
2014-01-14,71.799698,71.458687
2014-01-15,71.728653,72.664131
2014-01-16,71.52446,73.917801
2014-01-17,70.920723,74.07209
2014-01-21,71.18708,74.120316
2014-01-22,70.875778,74.139595
2014-01-23,69.99015,74.18782
2014-01-24,70.831024,72.799141
2014-01-27,70.195908,72.191597
2014-01-28,70.76841,71.902298
2014-01-29,69.453423,71.072952
2014-01-30,68.76461,70.581139
2014-01-31,68.54097,70.82222
2014-02-03,67.717972,71.101883
2014-02-04,68.066841,70.060379
2014-02-05,68.388893,70.359329
2014-02-06,68.791451,71.198311
2014-02-07,69.158211,70.716133
2014-02-10,69.802307,71.092239
2014-02-11,70.526894,72.143379
2014-02-12,69.319229,71.265823
2014-02-13,69.596565,71.159744
2014-02-14,71.02784,71.593704
2014-02-18,69.748619,71.458687
2014-02-19,69.900696,71.371902
2014-02-20,69.703888,70.841507
2014-02-21,69.748619,70.301468
2014-02-24,69.650215,70.95723
2014-02-25,69.882813,71.969795
2014-02-26,69.650215,71.940865
2014-02-27,69.945427,71.362251
2014-02-28,70.365868,71.39119
2014-03-03,69.310287,69.520332
2014-03-04,70.178009,70.899368
2014-03-05,69.614426,68.874222
2014-03-06,69.829132,69.038162
2014-03-07,70.115387,68.08345
2014-03-10,70.249557,67.726646
2014-03-11,70.625275,67.186607
2014-03-12,70.88472,66.559761
2014-03-13,70.839989,65.566475
2014-03-14,70.65213,66.299385
2014-03-17,71.421432,66.868355
2014-03-18,71.35881,67.66877
2014-03-19,70.473228,67.610909
2014-03-20,70.061707,67.16732
2014-03-21,69.668106,67.032303
2014-03-24,70.938377,66.472977
2014-03-25,71.3946,66.935875
2014-03-26,71.11731,67.553055
2014-03-27,71.251488,67.765205
2014-03-28,71.349876,68.797073
2014-03-31,72.101303,68.276329
2014-04-01,71.868721,68.613846
2014-04-02,71.680862,68.555984
2014-04-03,71.65403,68.498123
2014-04-04,71.35881,68.459549
2014-04-07,72.002899,67.813431
2014-04-08,72.772217,66.627258
2014-04-09,72.897469,67.813431
2014-04-10,72.53965,67.967735
2014-04-11,72.244431,67.176964
2014-04-14,72.289177,67.64949
2014-04-15,72.316002,67.64949
2014-04-16,73.040604,68.257027
2014-04-17,73.139,69.036224
2014-04-21,72.960083,
2014-04-22,72.682762,70.344551
2014-04-23,72.460953,70.157639
2014-04-24,73.173302,69.990417
2014-04-25,73.407745,69.705139
2014-04-28,74.787346,69.705139
2014-04-29,74.336487,70.275688
2014-04-30,74.435692,71.082321
2014-05-01,74.246315,
2014-05-02,73.867615,70.669159
2014-05-05,73.669228,70.777374
2014-05-06,73.155258,71.111832
2014-05-07,74.020897,71.456123
2014-05-08,74.084015,71.465965
2014-05-09,74.291405,71.24955
2014-05-12,73.696297,72.429985
2014-05-13,73.588081,72.203743
2014-05-14,73.19133,72.400475
2014-05-15,72.614243,72.705437
2014-05-16,72.433907,72.675919
2014-05-19,72.073212,72.616898
2014-05-20,72.343727,72.498848
2014-05-21,72.578163,72.528366
2014-05-22,72.72245,72.262764
2014-05-23,72.605217,71.662704
2014-05-27,72.208481,72.715263
2014-05-28,72.226517,72.587387
2014-05-29,72.497025,73.039886
2014-05-30,72.848679,72.872665
2014-06-02,72.460953,72.793968
2014-06-03,72.073212,72.528366
2014-06-04,72.010094,72.744774
2014-06-05,72.235519,72.006996
2014-06-06,72.163391,71.544662
2014-06-09,72.217491,71.977486
2014-06-10,72.271606,72.272606
2014-06-11,72.190445,72.184067
2014-06-12,71.919937,72.144714
2014-06-13,71.811737,71.761078
2014-06-16,71.856819,70.865913
2014-06-17,71.757614,71.328255
2014-06-18,71.946983,70.64949
2014-06-19,72.352745,70.639648
2014-06-20,72.073212,70.836403
2014-06-23,71.703522,70.511772
2014-06-24,71.243652,70.993782
2014-06-25,71.523178,70.157639
2014-06-26,70.891975,69.036224
2014-06-27,71.25267,69.223129
2014-06-30,70.864937,69.518234
2014-07-01,71.487114,69.360847
2014-07-02,71.739601,69.508408
2014-07-03,72.118309,70.629822
2014-07-07,72.307655,69.341171
2014-07-08,72.641296,68.377144
2014-07-09,73.642181,68.534538
2014-07-10,73.588081,67.924644
2014-07-11,73.182327,67.737732
2014-07-14,73.326599,68.554214
2014-07-15,73.272484,67.560669
2014-07-16,73.566971,68.121376
2014-07-17,73.076157,67.61969
2014-07-18,73.212502,66.822891
2014-07-21,72.967087,66.537621
2014-07-22,72.803482,66.311371
2014-07-23,72.703499,66.76387
2014-07-24,72.948914,66.84256
2014-07-25,72.31266,66.714684
2014-07-28,72.040009,67.344254
2014-07-29,71.48558,67.24588
2014-07-30,71.040215,67.285233
2014-07-31,70.276718,66.439247
2014-08-01,72.394485,65.799835
2014-08-04,72.003647,65.298149
2014-08-05,72.176353,65.888374
2014-08-06,73.7033,66.085114
2014-08-07,72.839836,64.894836
2014-08-08,73.57605,63.448792
2014-08-11,74.057777,64.934181
2014-08-12,74.003235,64.353798
2014-08-13,74.057777,64.944016
2014-08-14,74.484962,65.485054
2014-08-15,74.330444,64.442329
2014-08-18,74.930351,65.47522
2014-08-19,75.157562,66.006416
2014-08-20,75.266624,65.563759
2014-08-21,75.693802,65.681793
2014-08-22,75.793793,65.307983
2014-08-25,75.930122,66.075279
2014-08-26,75.784706,66.50811
2014-08-27,75.721092,66.527779
2014-08-28,75.466591,66.203156
2014-08-29,75.539299,65.898209
2014-09-02,75.421143,66.114624
2014-09-03,75.348434,67.452461
2014-09-04,76.075546,68.465675
2014-09-05,76.139175,67.895126
2014-09-08,75.730164,67.688545
2014-09-09,75.430222,66.399902
2014-09-10,76.021004,65.829346
2014-09-11,75.884674,65.553917
2014-09-12,75.675636,65.583427
2014-09-15,76.23008,65.593269
2014-09-16,76.420944,65.809677
2014-09-17,76.493668,65.563759
2014-09-18,76.520927,64.944016
2014-09-19,76.775414,65.603104
2014-09-22,77.084442,65.189949
2014-09-23,76.748154,64.786629
2014-09-24,77.475273,65.603104
2014-09-25,76.64817,65.337494
2014-09-26,76.875389,65.337494
2014-09-29,76.748154,65.150604
2014-09-30,76.111908,65.062065
2014-10-01,75.566566,64.521027
2014-10-02,75.484764,63.901295
2014-10-03,76.157364,
2014-10-06,75.95739,64.039009
2014-10-07,75.584747,63.48814
2014-10-08,76.511826,63.645531
2014-10-09,76.0392,63.556999
2014-10-10,76.975372,63.045471
2014-10-13,75.775612,62.189655
2014-10-14,75.939217,61.314159
2014-10-15,75.393875,60.920677
2014-10-16,74.748535,60.586216
2014-10-17,75.684715,61.501064
2014-10-20,76.511826,61.235462
2014-10-21,76.902657,61.71748
2014-10-22,77.144455,62.376556
2014-10-23,76.228569,62.484764
2014-10-24,77.996223,61.697803
2014-10-27,78.719765,61.668289
2014-10-28,79.196022,62.347046
2014-10-29,79.260147,62.868408
2014-10-30,79.62648,62.947109
2014-10-31,79.928719,63.507813
2014-11-03,80.029465,62.779873
2014-11-04,81.183479,62.071606
2014-11-05,81.513199,63.114338
2014-11-06,81.4216,67.118011
2014-11-07,81.632256,66.075279
2014-11-10,81.925331,66.439247
2014-11-11,82.126823,66.399902
2014-11-12,81.952812,66.281853
2014-11-13,81.146835,66.744194
2014-11-14,80.698051,66.665497
2014-11-17,80.450768,66.822891
2014-11-18,80.551521,67.629524
2014-11-19,81.265915,67.61969
2014-11-20,81.027771,68.377144
2014-11-21,81.146835,69.439537
2014-11-24,80.698051,69.311661
2014-11-25,81.330025,69.183777
2014-11-26,81.403282,69.331337
2014-11-28,82.822906,70.413406
2014-12-01,82.502342,70.39373
2014-12-02,83.409058,70.334709
2014-12-03,82.429054,70.039589
2014-12-04,82.960274,69.095238
2014-12-05,82.777107,70.236336
2014-12-08,83.125137,70.098618
2014-12-09,83.079346,69.006714
2014-12-10,82.429054,68.918175
2014-12-11,82.804573,67.865616
2014-12-12,82.016922,66.468758
2014-12-15,81.696358,64.934181
2014-12-16,81.842903,65.367004
2014-12-17,83.070183,65.494896
2014-12-18,84.260834,66.153976
2014-12-19,84.306633,66.881912
2014-12-22,84.810356,66.813049
2014-12-23,85.442314,66.714684
2014-12-24,85.304924,
2014-12-26,85.598015,
2014-12-29,84.846992,67.13768
2014-12-30,84.627174,66.321198
2014-12-31,83.427376,
2015-01-02,82.832062,65.996582
2015-01-05,82.438232,64.934181
2015-01-06,82.062714,65.150604
2015-01-07,82.493172,65.750648
2015-01-08,83.436539,67.806595
2015-01-09,82.658043,67.029472
2015-01-12,82.355789,68.741104
2015-01-13,82.703842,68.908348
2015-01-14,82.419922,68.888664
2015-01-15,82.30085,72.744774
2015-01-16,83.573906,73.846519
2015-01-20,83.518974,73.90554
2015-01-21,83.688683,74.35804
2015-01-22,84.509621,75.263062
2015-01-23,83.089149,77.053398
2015-01-26,82.62793,77.407532
2015-01-27,79.777748,76.453339
2015-01-28,78.54174,76.443497
2015-01-29,79.02137,77.181274
2015-01-30,77.748489,76.532036
2015-02-02,78.514061,77.004211
2015-02-03,79.279648,75.735237
2015-02-04,79.132057,76.236916
2015-02-05,79.971451,76.28611
2015-02-06,78.966026,76.000839
2015-02-09,78.449501,75.085991
2015-02-10,78.763115,75.312233
2015-02-11,78.993721,75.233551
2015-02-12,79.353447,75.823769
2015-02-13,79.233528,74.02359
2015-02-17,78.855331,73.197289
2015-02-18,79.565598,73.374344
2015-02-19,78.597092,73.462883
2015-02-20,78.283463,73.197289
2015-02-23,78.763115,74.112122
2015-02-24,78.864578,74.682671
2015-02-25,78.827682,74.200661
2015-02-26,78.560188,75.627022
2015-02-27,78.523285,76.364799
2015-03-02,78.78157,76.325447
2015-03-03,78.550964,76.197578
2015-03-04,77.803818,77.27964
2015-03-05,78.062096,77.289482
2015-03-06,76.244987,77.830521
2015-03-09,76.641609,77.555084
2015-03-10,75.211914,77.348503
2015-03-11,75.073547,78.686333
2015-03-12,75.719215,78.617477
2015-03-13,75.479401,79.325745
2015-03-16,77.075119,81.322662
2015-03-17,76.420219,80.594719
2015-03-18,77.250397,80.614388
2015-03-19,76.909096,80.565208
2015-03-20,78.163567,81.076729
2015-03-23,78.274239,80.476677
2015-03-24,77.407188,80.673416
2015-03-25,76.567818,79.414284
2015-03-26,75.774551,79.030632
2015-03-27,75.922119,79.817596
2015-03-30,76.300323,80.781631
2015-03-31,75.580856,79.581505
2015-04-01,75.931366,80.157036
2015-04-02,76.032837,80.742493
2015-04-06,76.59549,
2015-04-07,75.995941,81.982849
2015-04-08,76.346436,80.940948
2015-04-09,76.457123,81.526398
2015-04-10,76.881439,82.707214
2015-04-13,76.955215,82.201149
2015-04-14,77.112022,81.655396
2015-04-15,77.029015,81.972923
2015-04-16,77.019783,81.3974
2015-04-17,76.125061,80.196732
2015-04-20,76.43869,80.742493
2015-04-21,76.632393,81.079865
2015-04-22,76.641609,79.621201
2015-04-23,75.268272,78.85714
2015-04-24,75.314774,79.631126
2015-04-27,74.942856,81.08979
2015-04-28,74.775459,79.611282
2015-04-29,74.245476,77.100784
2015-04-30,73.929352,77.358788
2015-05-01,74.654594,
2015-05-04,74.710396,78.142693
2015-05-05,74.450035,76.078735
2015-05-06,74.756889,76.217651
2015-05-07,74.570908,78.648766
2015-05-08,75.277557,81.030258
2015-05-11,74.635994,80.14711
2015-05-12,74.338463,79.343361
2015-05-13,74.106003,78.688454
2015-05-14,74.914948,80.633339
2015-05-15,75.361259,79.98835
2015-05-18,75.073013,81.189018
2015-05-19,75.156708,83.05452
2015-05-20,74.831261,82.260689
2015-05-21,74.76619,82.439301
2015-05-22,74.338463,82.46907
2015-05-26,73.585327,81.139404
2015-05-27,73.817764,83.252975
2015-05-28,73.761986,83.034676
2015-05-29,72.887947,81.784386
2015-06-01,73.315674,82.012619
2015-06-02,73.027435,80.405106
2015-06-03,73.046021,80.921104
2015-06-04,72.664803,80.474571
2015-06-05,71.995331,78.618996
2015-06-08,72.255684,78.231995
2015-06-09,73.36216,77.249634
2015-06-10,73.957245,78.003777
2015-06-11,73.836365,78.867065
2015-06-12,73.334267,77.487778
2015-06-15,72.636902,76.803108
2015-06-16,73.548119,77.537399
2015-06-17,74.459343,76.624496
2015-06-18,75.147392,77.527473
2015-06-19,74.887062,76.525269
2015-06-22,74.80336,78.311378
2015-06-23,74.189697,78.807526
2015-06-24,73.929352,78.430458
2015-06-25,73.817764,78.023613
2015-06-26,73.771263,78.30146
2015-06-29,72.822868,75.721504
2015-06-30,72.748482,74.560532
2015-07-01,74.124603,75.79097
2015-07-02,74.31987,75.165833
2015-07-06,74.431435,73.97509
2015-07-07,75.98423,73.300331
2015-07-08,75.305458,73.746857
2015-07-09,74.998627,74.500999
2015-07-10,75.268272,76.763412
2015-07-13,76.160904,77.487778
2015-07-14,76.281776,78.033539
2015-07-15,76.384056,78.341148
2015-07-16,76.523521,78.886909
2015-07-17,76.467728,78.827377
2015-07-20,76.421234,79.482285
2015-07-21,75.900543,78.470154
2015-07-22,75.772125,78.073235
2015-07-23,75.650246,78.093079
2015-07-24,75.265907,77.725937
2015-07-27,74.965935,76.088654
2015-07-28,75.209671,76.564957
2015-07-29,75.575264,76.852715
2015-07-30,72.547379,77.021408
2015-07-31,71.900543,77.219864
2015-08-03,71.619331,79.194519
2015-08-04,71.159988,79.363213
2015-08-05,71.02874,82.260689
2015-08-06,71.00061,82.389687
2015-08-07,70.756889,81.33786
2015-08-10,71.600571,81.734779
2015-08-11,71.4506,79.928818
2015-08-12,71.609955,76.227577
2015-08-13,71.038132,77.051178
2015-08-14,70.88813,77.378632
2015-08-17,70.803764,77.239708
2015-08-18,70.428787,76.376419
2015-08-19,69.481995,75.016983
2015-08-20,69.285141,73.627777
2015-08-21,67.344658,71.702744
2015-08-24,64.813614,68.715958
2015-08-25,64.138657,71.37529
2015-08-26,66.463478,70.660843
2015-08-27,67.007187,73.171326
2015-08-28,66.754074,73.320175
2015-08-31,66.247871,73.211021
2015-09-01,64.588638,72.327881
2015-09-02,65.441704,72.784332
2015-09-03,65.554176,73.806389
2015-09-04,64.45739,71.940895
2015-09-08,65.601059,72.784332
2015-09-09,64.194923,73.131638
2015-09-10,64.044922,72.179039
2015-09-11,64.138657,71.921051
2015-09-14,63.801189,71.841667
2015-09-15,65.104218,72.407272
2015-09-16,65.713539,73.806389
2015-09-17,65.84478,73.518623
2015-09-18,65.563553,72.417191
2015-09-21,66.229134,74.10408
2015-09-22,65.797905,73.141563
2015-09-23,65.863541,74.10408
2015-09-24,66.894707,73.578171
2015-09-25,68.122719,76.058891
2015-09-28,67.27903,76.564957
2015-09-29,67.757126,75.840584
2015-09-30,67.4384,78.559456
2015-10-01,67.447777,77.051178
2015-10-02,67.888374,77.983925
2015-10-05,68.638306,79.918892
2015-10-06,68.807037,80.821869
2015-10-07,69.107033,79.859352
2015-10-08,69.744484,80.980637
2015-10-09,69.819466,81.546242
2015-10-12,69.678864,80.960785
2015-10-13,69.472618,80.415031
2015-10-14,69.566353,80.127274
2015-10-15,69.622589,81.665321
2015-10-16,70.213188,81.377556
2015-10-19,70.456917,82.429375
2015-10-20,69.772598,81.06002
2015-10-21,69.605171,81.972923
2015-10-22,70.796944,83.580437
2015-10-23,72.85891,85.197861
2015-10-26,73.293991,84.741409
2015-10-27,73.104836,84.344498
2015-10-28,72.367065,85.227631
2015-10-29,72.849434,86.209991
2015-10-30,72.244102,85.763466
2015-11-02,72.452187,85.465775
2015-11-03,72.877831,84.473488
2015-11-04,72.887268,86.924446
2015-11-05,72.253563,87.767883
2015-11-06,71.477974,87.112976
2015-11-09,71.317169,85.892464
2015-11-10,71.667122,85.733696
2015-11-11,71.846848,86.587067
2015-11-12,70.617241,85.78331
2015-11-13,69.955132,85.098633
2015-11-16,71.222588,85.674156
2015-11-17,71.005043,88.313644
2015-11-18,71.790108,88.095345
2015-11-19,72.092766,88.135033
2015-11-20,71.714424,88.065575
2015-11-23,71.856308,88.373184
2015-11-24,72.310318,86.338997
2015-11-25,71.790108,88.442642
2015-11-27,71.600922,88.125107
2015-11-30,70.787491,87.460281
2015-12-01,71.827934,87.370979
2015-12-02,71.68605,87.847267
2015-12-03,71.638748,84.076584
2015-12-04,73.615585,83.074364
2015-12-07,74.126358,85.287163
2015-12-08,73.539925,83.977348
2015-12-09,73.492622,82.49884
2015-12-10,73.577759,82.528603
2015-12-11,73.568298,81.466858
2015-12-14,74.050674,80.722641
2015-12-15,75.36541,83.907883
2015-12-16,76.604477,83.213287
2015-12-17,75.942383,84.175804
2015-12-18,73.899338,82.042389
2015-12-21,74.674934,80.931023
2015-12-22,75.289749,81.466858
2015-12-23,75.592415,82.727066
2015-12-24,75.469452,
2015-12-28,75.592415,82.399612
2015-12-29,76.008591,84.24527
2015-12-30,75.734291,83.510979
2015-12-31,75.110039,
2016-01-04,74.126358,80.494423
2016-01-05,74.362816,81.36763
2016-01-06,73.643959,80.841721
2016-01-07,73.000778,78.867065
2016-01-08,71.856308,78.668602
2016-01-11,72.518394,77.974007
2016-01-12,72.367065,80.325722
2016-01-13,71.742805,80.831795
2016-01-14,72.026558,78.946442
2016-01-15,70.919914,77.854927
2016-01-19,72.575142,80.216576
2016-01-20,72.349045,77.964081
2016-01-21,73.198181,78.777756
2016-01-22,73.8088,80.792099
2016-01-25,73.322212,81.417244
2016-01-26,75.19223,81.982849
2016-01-27,75.182693,82.965218
2016-01-28,76.155869,81.635544
2016-01-29,77.940033,84.423882
2016-02-01,77.396194,84.344498
2016-02-02,76.537514,84.900177
2016-02-03,77.377113,84.255196
2016-02-04,76.995476,82.270615
2016-02-05,77.472511,80.454727
2016-02-08,78.827347,78.351074
2016-02-09,78.846405,78.5793
2016-02-10,77.873245,78.628914
2016-02-11,76.232201,76.674103
2016-02-12,77.272163,77.785469
2016-02-16,77.730125,80.881409
2016-02-17,78.665146,78.51976
2016-02-18,78.216721,77.507629
2016-02-19,78.035439,78.787682
2016-02-22,78.359825,79.482285
2016-02-23,78.05452,79.948654
2016-02-24,77.81601,78.311378
2016-02-25,78.560188,79.908966
2016-02-26,77.377113,79.809738
2016-02-29,76.604294,79.333435
2016-03-01,77.501152,81.278328
2016-03-02,78.760551,79.789894
2016-03-03,79.037231,78.916679
2016-03-04,79.657402,79.829582
2016-03-07,79.285294,78.867065
2016-03-08,79.247131,79.214363
2016-03-09,79.151726,79.779968
2016-03-10,78.502953,78.142693
2016-03-11,77.997269,79.968498
2016-03-14,77.443901,80.474571
2016-03-15,77.577469,80.166962
2016-03-16,77.606094,79.581505
2016-03-17,78.951378,79.383057
2016-03-18,79.333,80.673035
2016-03-21,79.495193,80.544029
2016-03-22,78.941826,80.464645
2016-03-23,79.018158,80.851646
2016-03-24,79.084938,78.906754
2016-03-28,78.827347,
2016-03-29,78.999077,79.422745
2016-03-30,78.884583,79.928818
2016-03-31,78.531563,
2016-04-01,79.695564,77.507629
2016-04-04,79.390251,77.616783
2016-04-05,79.342545,76.525269
2016-04-06,79.962708,76.624496
2016-04-07,79.418869,75.79097
2016-04-08,79.380714,76.287109
2016-04-11,78.932281,75.939812
2016-04-12,79.027702,76.644333
2016-04-13,78.674683,77.25956
2016-04-14,78.886299,78.202225
2016-04-15,79.16526,78.311378
2016-04-18,79.675064,78.718224
2016-04-19,80.107925,81.605774
2016-04-20,78.443817,81.318016
2016-04-21,77.722389,80.127274
2016-04-22,77.866669,78.718224
2016-04-25,78.309158,78.876984
2016-04-26,76.520012,78.51976
2016-04-27,76.847046,78.807526
2016-04-28,76.722008,79.194519
2016-04-29,77.068291,77.755699
2016-05-02,77.88591,78.122849
2016-05-03,78.010963,78.777756
2016-05-04,78.491913,77.408401
2016-05-05,78.203346,77.408401
2016-05-06,79.001724,77.626709
2016-05-09,78.992111,78.986137
2016-05-10,79.338409,79.601357
2016-05-11,79.020973,78.777756
2016-05-12,79.271072,78.370926
2016-05-13,78.136009,78.63884
2016-05-16,78.520775,
2016-05-17,77.54924,77.596931
2016-05-18,76.808571,78.410606
2016-05-19,77.13562,77.428246
2016-05-20,76.972099,78.599144
2016-05-23,77.145233,77.904549
2016-05-24,77.88591,78.817451
2016-05-25,78.376495,78.797607
2016-05-26,78.126396,79.085365
2016-05-27,78.328392,79.879196
2016-05-31,77.953255,81.050095
2016-06-01,78.674683,81.169174
2016-06-02,78.828583,80.851646
2016-06-03,79.328781,81.625626
2016-06-06,79.617348,82.627831
2016-06-07,79.184494,83.133904
2016-06-08,79.501915,82.379761
2016-06-09,80.002106,81.48671
2016-06-10,80.030968,79.373131
2016-06-13,79.424973,78.24192
2016-06-14,80.175262,77.41832
2016-06-15,79.790497,77.517555
2016-06-16,80.232986,77.507629
2016-06-17,79.963638,76.733643
2016-06-20,79.877075,79.115143
2016-06-21,80.232986,79.908966
2016-06-22,80.386879,80.01812
2016-06-23,81.002495,80.682945
2016-06-24,79.126785,79.492203
2016-06-27,78.136009,78.48999
2016-06-28,79.31916,79.948654
2016-06-29,80.713928,81.546242
2016-06-30,81.444984,84.235344
2016-07-01,81.550804,83.907883
2016-07-05,82.185661,84.483414
2016-07-06,81.791267,83.372047
2016-07-07,81.598892,83.818581
2016-07-08,82.503082,83.838425
2016-07-11,82.483841,84.265106
2016-07-12,82.483841,83.262901
2016-07-13,82.618515,83.372047
2016-07-14,82.599274,83.074364
2016-07-15,82.73394,83.411743
2016-07-18,82.656998,83.362129
2016-07-19,82.887848,82.290459
2016-07-20,82.713348,83.014832
2016-07-21,82.655182,83.004906
2016-07-22,83.101128,83.590355
2016-07-25,83.178688,83.451431
2016-07-26,82.664871,83.699509
2016-07-27,81.879616,83.243057
2016-07-28,82.218933,83.411743
2016-07-29,82.975098,83.342285
2016-08-01,83.770042,83.550659
2016-08-02,84.10936,83.848351
2016-08-03,83.343483,84.344498
2016-08-04,83.421051,80.811951
2016-08-05,83.159302,82.072151
2016-08-08,83.1399,81.903465
2016-08-09,83.362877,83.768967
2016-08-10,83.673103,83.163666
2016-08-11,84.080269,83.947578
2016-08-12,84.380791,84.146042
2016-08-15,84.361404,84.146042
2016-08-16,83.934845,83.818581
2016-08-17,84.303246,83.153755
2016-08-18,84.768585,83.312515
2016-08-19,84.64254,83.362129
2016-08-22,84.196594,82.58815
2016-08-23,84.729805,82.77668
2016-08-24,84.64254,82.766762
2016-08-25,85.214523,82.83622
2016-08-26,84.904305,83.491127
2016-08-29,85.602303,83.163666
2016-08-30,84.865524,83.203362
2016-08-31,84.64254,82.766762
2016-09-01,85.611992,80.534111
2016-09-02,85.505363,82.766762
2016-09-06,85.931915,82.488914
2016-09-07,85.262993,83.491127
2016-09-08,85.098183,82.875908
2016-09-09,83.60524,81.536316
2016-09-12,85.553833,81.347786
2016-09-13,84.390488,81.099716
2016-09-14,84.351723,81.774475
2016-09-15,85.369637,82.250763
2016-09-16,85.359947,81.972923
2016-09-19,85.670174,82.86599
2016-09-20,85.873749,82.816368
2016-09-21,85.117584,82.677452
2016-09-22,86.271217,83.600281
2016-09-23,85.078804,83.600281
2016-09-26,85.166054,82.955292
2016-09-27,85.660477,83.510979
2016-09-28,86.72686,83.520897
2016-09-29,85.534439,82.905678
2016-09-30,87.008003,83.302589
2016-10-03,85.951302,
2016-10-04,85.650772,84.175804
2016-10-05,86.135498,81.903465
2016-10-06,86.494194,81.36763
2016-10-07,87.250366,80.14711
2016-10-10,86.339081,80.950874
2016-10-11,85.834969,81.159248
2016-10-12,85.864052,81.030258
2016-10-13,85.544128,80.673035
2016-10-14,85.728333,80.990562
2016-10-17,85.14666,80.216576
2016-10-18,84.778275,80.732567
2016-10-19,83.566872,80.454727
2016-10-20,82.97094,80.176888
2016-10-21,82.384789,79.86927
2016-10-24,82.160088,79.928818
2016-10-25,84.96389,79.68074
2016-10-26,85.383972,79.879196
2016-10-27,84.582893,79.551743
2016-10-28,84.836884,79.521973
2016-10-31,84.797813,79.581505
2016-11-01,84.846657,78.787682
2016-11-02,84.739197,77.686241
2016-11-03,84.602425,81.278328
2016-11-04,83.117493,80.861565
2016-11-07,84.563339,80.524185
2016-11-08,85.442589,80.405106
2016-11-09,83.947884,79.303665
2016-11-10,81.046387,76.674103
2016-11-11,81.652084,76.803108
2016-11-14,81.085457,76.267273
2016-11-15,81.691162,77.150406
2016-11-16,81.271088,76.445885
2016-11-17,81.153847,76.664185
2016-11-18,80.108536,77.061104
2016-11-21,80.733765,76.83287
2016-11-22,80.851006,76.386345
2016-11-23,80.77285,75.969582
2016-11-25,81.534851,76.991638
2016-11-28,81.153847,76.674103
2016-11-29,80.978004,76.614571
2016-11-30,80.557922,76.485573
2016-12-01,79.971756,75.086441
2016-12-02,80.499306,74.967377
2016-12-05,81.075691,75.334518
2016-12-06,80.997536,75.622284
2016-12-07,82.238243,76.138275
2016-12-08,81.573929,76.535187
2016-12-09,82.423866,77.894623
2016-12-12,83.166328,77.755699
2016-12-13,83.215179,78.738068
2016-12-14,82.423866,78.926605
2016-12-15,82.726707,78.539612
2016-12-16,82.726707,78.658684
2016-12-19,82.75602,79.998276
2016-12-20,82.619247,80.216576
2016-12-21,82.335938,79.95858
2016-12-22,82.521553,80.047882
2016-12-23,83.000252,80.196732
2016-12-27,82.648552,80.524185
2016-12-28,82.130783,80.395187
2016-12-29,82.40432,80.484497
2016-12-30,82.140549,79.978424
2017-01-03,82.25779,80.484497
2017-01-04,82.550865,79.859352
2017-01-05,83.097946,80.176888
2017-01-06,83.068634,79.918892
2017-01-09,82.453178,80.14711
2017-01-10,81.564156,80.365417
2017-01-11,81.818161,79.660896
2017-01-12,81.906082,79.730354
2017-01-13,82.072166,79.819664
2017-01-17,83.244492,80.663109
2017-01-18,83.62851,80.772255
2017-01-19,83.402031,81.079865
2017-01-20,86.109886,81.268402
2017-01-23,85.627403,81.030258
2017-01-24,86.513611,81.050095
2017-01-25,85.824341,81.437088
2017-01-26,85.272919,81.595863
2017-01-27,85.391083,82.359917
2017-01-30,85.420616,81.67524
2017-01-31,86.257599,81.308098
2017-02-01,85.991737,80.950874
2017-02-02,86.415146,81.913391
2017-02-03,86.070511,82.121773
2017-02-06,86.060661,81.635544
2017-02-07,86.661308,82.598068
2017-02-08,86.97641,83.768967
2017-02-09,87.311195,84.146042
2017-02-10,86.621925,82.846138
2017-02-13,86.956711,83.381973
2017-02-14,86.513611,82.975143
2017-02-15,89.723656,83.332367
2017-02-16,89.398705,83.044601
2017-02-17,89.694115,85.078789
2017-02-21,90.265221,84.384186
2017-02-22,90.03875,86.219917
2017-02-23,89.733498,86.150459
2017-02-24,89.654724,85.852768
2017-02-27,89.497177,85.912315
2017-02-28,89.674416,85.455856
2017-03-01,90.255386,86.090927
2017-03-02,89.516876,85.971848
2017-03-03,89.113152,85.644386
2017-03-06,88.985153,85.981773
2017-03-07,88.906372,85.436012
2017-03-08,88.758675,84.929939
2017-03-09,88.955605,85.912315
2017-03-10,89.674416,85.971848
2017-03-13,89.910736,85.882545
2017-03-14,89.605492,86.805374
2017-03-15,89.999367,86.656525
2017-03-16,90.03875,87.172516
2017-03-17,89.605492,87.559509
2017-03-20,89.822121,87.440437
2017-03-21,89.79258,87.202278
2017-03-22,89.595642,86.983986
2017-03-23,89.379013,87.470207
